1,2024-12-02 17:17:52.298150,0.pcapng,2,2024-12-03 00:17:39.664577+00:00,1970-01-01 00:00:00+00:00,2024-12-03 00:17:39.664577+00:00,0.15523695945739746,66.22.227.99,63.428
2,2024-12-02 17:18:04.696054,1.pcapng,2,2024-12-03 00:17:52.459219+00:00,1970-01-01 00:00:00+00:00,2024-12-03 00:17:52.459219+00:00,0.14288997650146484,66.22.227.36,68.456
3,2024-12-02 17:18:17.080147,2.pcapng,2,2024-12-03 00:18:04.843797+00:00,1970-01-01 00:00:00+00:00,2024-12-03 00:18:04.843797+00:00,0.19163298606872559,66.22.227.121,65.802
4,2024-12-02 17:18:29.576760,3.pcapng,2,2024-12-03 00:18:17.245644+00:00,1970-01-01 00:00:00+00:00,2024-12-03 00:18:17.245644+00:00,0.16813182830810547,66.22.226.53,66.863
5,2024-12-02 17:18:42.056645,4.pcapng,2,2024-12-03 00:18:29.773453+00:00,1970-01-01 00:00:00+00:00,2024-12-03 00:18:29.773453+00:00,0.1299598217010498,66.22.227.100,65.337
6,2024-12-02 17:18:54.485676,5.pcapng,2,2024-12-03 00:18:42.234930+00:00,1970-01-01 00:00:00+00:00,2024-12-03 00:18:42.234930+00:00,0.17528200149536133,66.22.227.4,66.605
7,2024-12-02 17:19:07.050408,6.pcapng,1,2024-12-03 00:18:54.703936+00:00,1970-01-01 00:00:00+00:00,2024-12-03 00:18:54.703936+00:00,5.0,66.22.227.4,67.701
8,2024-12-02 17:19:19.554985,7.pcapng,1,2024-12-03 00:19:07.240500+00:00,1970-01-01 00:00:00+00:00,2024-12-03 00:19:07.240500+00:00,0.13450121879577637,66.22.226.38,65.835
9,2024-12-02 17:19:32.308915,8.pcapng,2,2024-12-03 00:19:19.730080+00:00,1970-01-01 00:00:00+00:00,2024-12-03 00:19:19.730080+00:00,0.20998001098632812,66.22.227.29,65.434
10,2024-12-02 17:19:44.933068,9.pcapng,2,2024-12-03 00:19:32.474269+00:00,1970-01-01 00:00:00+00:00,2024-12-03 00:19:32.474269+00:00,0.1257011890411377,66.22.227.82,63.401
11,2024-12-02 17:19:57.541724,10.pcapng,2,2024-12-03 00:19:45.128215+00:00,1970-01-01 00:00:00+00:00,2024-12-03 00:19:45.128215+00:00,0.12901592254638672,66.22.226.104,66.076
12,2024-12-02 17:20:10.084140,11.pcapng,2,2024-12-03 00:19:57.723972+00:00,1970-01-01 00:00:00+00:00,2024-12-03 00:19:57.723972+00:00,0.1584939956665039,66.22.227.20,70.212
13,2024-12-02 17:20:22.466884,12.pcapng,2,2024-12-03 00:20:10.345918+00:00,1970-01-01 00:00:00+00:00,2024-12-03 00:20:10.345918+00:00,0.13737797737121582,66.22.226.26,66.96
14,2024-12-02 17:20:35.150870,13.pcapng,2,2024-12-03 00:20:22.626896+00:00,1970-01-01 00:00:00+00:00,2024-12-03 00:20:22.626896+00:00,0.18003296852111816,66.22.227.24,68.465
15,2024-12-02 17:20:47.520790,14.pcapng,1,2024-12-03 00:20:35.362724+00:00,1970-01-01 00:00:00+00:00,2024-12-03 00:20:35.362724+00:00,5.0,66.22.227.24,67.594
16,2024-12-02 17:20:59.525527,15.pcapng,0,2024-12-03 00:20:47.713482+00:00,1970-01-01 00:00:00+00:00,2024-12-03 00:20:47.713482+00:00,5.0,NO IP TO PING
17,2024-12-02 17:21:12.141238,16.pcapng,1,2024-12-03 00:20:59.699885+00:00,1970-01-01 00:00:00+00:00,2024-12-03 00:20:59.699885+00:00,-3.134827136993408,66.22.227.111,64.077
18,2024-12-02 17:21:24.668503,17.pcapng,2,2024-12-03 00:21:12.319105+00:00,1970-01-01 00:00:00+00:00,2024-12-03 00:21:12.319105+00:00,-2.092863082885742,66.22.226.50,66.777
19,2024-12-02 17:21:37.105478,18.pcapng,2,2024-12-03 00:21:25.488359+00:00,1970-01-01 00:00:00+00:00,2024-12-03 00:21:25.488359+00:00,0.17700695991516113,66.22.226.126,63.894
20,2024-12-02 17:21:49.585462,19.pcapng,2,2024-12-03 00:21:37.285191+00:00,1970-01-01 00:00:00+00:00,2024-12-03 00:21:37.285191+00:00,0.1427469253540039,66.22.226.62,66.456
21,2024-12-02 17:22:02.017660,20.pcapng,2,2024-12-03 00:21:49.757010+00:00,1970-01-01 00:00:00+00:00,2024-12-03 00:21:49.757010+00:00,0.14863801002502441,66.22.227.7,65.373
22,2024-12-02 17:22:14.603404,21.pcapng,1,2024-12-03 00:22:02.168513+00:00,1970-01-01 00:00:00+00:00,2024-12-03 00:22:02.168513+00:00,5.0,66.22.227.7,66.913
23,2024-12-02 17:22:27.145589,22.pcapng,1,2024-12-03 00:22:14.791453+00:00,1970-01-01 00:00:00+00:00,2024-12-03 00:22:14.857351+00:00,0.14188408851623535,66.22.226.102,65.518
24,2024-12-02 17:22:39.688421,23.pcapng,2,2024-12-03 00:22:27.955548+00:00,1970-01-01 00:00:00+00:00,2024-12-03 00:22:27.955548+00:00,-2.913964033126831,66.22.227.52,68.631
25,2024-12-02 17:22:52.166824,24.pcapng,2,2024-12-03 00:22:39.863407+00:00,1970-01-01 00:00:00+00:00,2024-12-03 00:22:39.863407+00:00,0.1581878662109375,66.22.226.42,65.995
26,2024-12-02 17:23:04.729492,25.pcapng,2,2024-12-03 00:22:52.340891+00:00,1970-01-01 00:00:00+00:00,2024-12-03 00:22:52.340891+00:00,0.14191985130310059,66.22.226.31,65.427
27,2024-12-02 17:23:17.059282,26.pcapng,1,2024-12-03 00:23:04.915712+00:00,1970-01-01 00:00:00+00:00,2024-12-03 00:23:04.915712+00:00,5.0,66.22.226.31,64.345
28,2024-12-02 17:23:29.003534,27.pcapng,0,2024-12-03 00:23:17.227807+00:00,1970-01-01 00:00:00+00:00,2024-12-03 00:23:17.227807+00:00,5.0,NO IP TO PING
29,2024-12-02 17:23:41.993894,28.pcapng,1,2024-12-03 00:23:29.169568+00:00,1970-01-01 00:00:00+00:00,2024-12-03 00:23:29.169568+00:00,-3.4708969593048096,66.22.227.122,64.56
30,2024-12-02 17:23:54.763787,29.pcapng,2,2024-12-03 00:23:42.186382+00:00,1970-01-01 00:00:00+00:00,2024-12-03 00:23:42.186382+00:00,0.1572260856628418,66.22.227.22,65.284
31,2024-12-02 17:24:07.223520,30.pcapng,2,2024-12-03 00:23:55.002499+00:00,1970-01-01 00:00:00+00:00,2024-12-03 00:23:55.002499+00:00,0.19522404670715332,66.22.226.58,66.772
32,2024-12-02 17:24:19.837356,31.pcapng,2,2024-12-03 00:24:07.419956+00:00,1970-01-01 00:00:00+00:00,2024-12-03 00:24:07.419956+00:00,0.18880414962768555,66.22.227.62,65.517
33,2024-12-02 17:24:32.552235,32.pcapng,2,2024-12-03 00:24:20.025425+00:00,1970-01-01 00:00:00+00:00,2024-12-03 00:24:20.025425+00:00,0.15025019645690918,66.22.226.106,63.164
34,2024-12-02 17:24:45.136903,33.pcapng,2,2024-12-03 00:24:32.738680+00:00,1970-01-01 00:00:00+00:00,2024-12-03 00:24:32.738680+00:00,0.13741207122802734,66.22.226.8,66.286
35,2024-12-02 17:24:57.500944,34.pcapng,1,2024-12-03 00:24:45.311246+00:00,1970-01-01 00:00:00+00:00,2024-12-03 00:24:45.311246+00:00,5.0,66.22.226.8,67.185
36,2024-12-02 17:25:10.089499,35.pcapng,1,2024-12-03 00:24:57.656155+00:00,1970-01-01 00:00:00+00:00,2024-12-03 00:24:57.656155+00:00,0.11703109741210938,66.22.226.6,67.869
37,2024-12-02 17:25:22.450437,36.pcapng,1,2024-12-03 00:25:10.243576+00:00,1970-01-01 00:00:00+00:00,2024-12-03 00:25:10.243576+00:00,5.0,66.22.226.6,68.792
38,2024-12-02 17:25:35.225355,37.pcapng,1,2024-12-03 00:25:22.618366+00:00,1970-01-01 00:00:00+00:00,2024-12-03 00:25:22.618366+00:00,0.126939058303833,66.22.227.115,62.425
39,2024-12-02 17:25:47.678008,38.pcapng,2,2024-12-03 00:25:35.439250+00:00,1970-01-01 00:00:00+00:00,2024-12-03 00:25:35.439250+00:00,0.12602591514587402,66.22.227.12,64.776
40,2024-12-02 17:26:00.189007,39.pcapng,2,2024-12-03 00:25:47.869352+00:00,1970-01-01 00:00:00+00:00,2024-12-03 00:25:47.869352+00:00,0.1620190143585205,66.22.226.127,64.387
41,2024-12-02 17:26:12.658596,40.pcapng,2,2024-12-03 00:26:01.018448+00:00,1970-01-01 00:00:00+00:00,2024-12-03 00:26:01.018448+00:00,0.1745901107788086,66.22.227.69,65.984
42,2024-12-02 17:26:25.106577,41.pcapng,2,2024-12-03 00:26:12.828784+00:00,1970-01-01 00:00:00+00:00,2024-12-03 00:26:12.828784+00:00,0.16474509239196777,66.22.227.91,63.679
43,2024-12-02 17:26:37.560824,42.pcapng,2,2024-12-03 00:26:25.273360+00:00,1970-01-01 00:00:00+00:00,2024-12-03 00:26:25.273360+00:00,0.12752008438110352,66.22.227.98,66.08
44,2024-12-02 17:26:50.062475,43.pcapng,2,2024-12-03 00:26:37.730932+00:00,1970-01-01 00:00:00+00:00,2024-12-03 00:26:37.730932+00:00,0.13900399208068848,66.22.227.88,70.667
45,2024-12-02 17:27:02.372344,44.pcapng,1,2024-12-03 00:26:50.238989+00:00,1970-01-01 00:00:00+00:00,2024-12-03 00:26:50.238989+00:00,5.0,66.22.227.88,63.38
46,2024-12-02 17:27:15.278803,45.pcapng,1,2024-12-03 00:27:02.570001+00:00,1970-01-01 00:00:00+00:00,2024-12-03 00:27:02.570001+00:00,0.12003302574157715,66.22.226.103,67.75
47,2024-12-02 17:27:27.717422,46.pcapng,1,2024-12-03 00:27:15.740431+00:00,1970-01-01 00:00:00+00:00,2024-12-03 00:27:15.740431+00:00,5.0,66.22.226.103,68.326
48,2024-12-02 17:27:40.297134,47.pcapng,1,2024-12-03 00:27:27.904502+00:00,1970-01-01 00:00:00+00:00,2024-12-03 00:27:27.904502+00:00,0.18163204193115234,66.22.226.100,65.967
49,2024-12-02 17:27:52.980768,48.pcapng,2,2024-12-03 00:27:40.485987+00:00,1970-01-01 00:00:00+00:00,2024-12-03 00:27:40.485987+00:00,-3.500270128250122,66.22.226.129,64.85
50,2024-12-02 17:28:05.419115,49.pcapng,1,2024-12-03 00:27:53.276830+00:00,1970-01-01 00:00:00+00:00,2024-12-03 00:27:53.276830+00:00,5.0,66.22.226.129,66.566
51,2024-12-02 17:28:18.305616,50.pcapng,1,2024-12-03 00:28:05.614313+00:00,1970-01-01 00:00:00+00:00,2024-12-03 00:28:05.614313+00:00,0.2173919677734375,66.22.227.23,65.545
52,2024-12-02 17:28:30.959136,51.pcapng,2,2024-12-03 00:28:18.495709+00:00,1970-01-01 00:00:00+00:00,2024-12-03 00:28:18.495709+00:00,-3.038188934326172,66.22.227.51,65.713
53,2024-12-02 17:28:43.746079,52.pcapng,2,2024-12-03 00:28:31.128179+00:00,1970-01-01 00:00:00+00:00,2024-12-03 00:28:31.128179+00:00,0.13429498672485352,66.22.226.98,67.17
54,2024-12-02 17:28:56.192573,53.pcapng,1,2024-12-03 00:28:43.922204+00:00,1970-01-01 00:00:00+00:00,2024-12-03 00:28:43.922204+00:00,5.0,66.22.226.98,65.863
55,2024-12-02 17:29:09.000230,54.pcapng,1,2024-12-03 00:28:56.392514+00:00,1970-01-01 00:00:00+00:00,2024-12-03 00:28:56.392514+00:00,0.24649405479431152,66.22.226.34,65.099
56,2024-12-02 17:29:21.771576,55.pcapng,2,2024-12-03 00:29:09.156569+00:00,1970-01-01 00:00:00+00:00,2024-12-03 00:29:09.156569+00:00,-3.014470100402832,66.22.226.5,116.436
57,2024-12-02 17:29:34.335518,56.pcapng,2,2024-12-03 00:29:21.934772+00:00,1970-01-01 00:00:00+00:00,2024-12-03 00:29:21.934772+00:00,0.13231706619262695,66.22.227.114,64.059
58,2024-12-02 17:29:46.955757,57.pcapng,2,2024-12-03 00:29:34.486234+00:00,1970-01-01 00:00:00+00:00,2024-12-03 00:29:34.486234+00:00,0.14375996589660645,66.22.226.96,64.77
59,2024-12-02 17:29:59.381204,58.pcapng,1,2024-12-03 00:29:47.162240+00:00,1970-01-01 00:00:00+00:00,2024-12-03 00:29:47.162240+00:00,5.0,66.22.226.96,64.855
60,2024-12-02 17:30:11.601808,59.pcapng,0,2024-12-03 00:29:59.560067+00:00,1970-01-01 00:00:00+00:00,2024-12-03 00:29:59.560067+00:00,5.0,NO IP TO PING
61,2024-12-02 17:30:24.385804,60.pcapng,1,2024-12-03 00:30:11.758325+00:00,1970-01-01 00:00:00+00:00,2024-12-03 00:30:11.780440+00:00,-3.42258882522583,66.22.226.79,64.517
62,2024-12-02 17:30:36.949647,61.pcapng,1,2024-12-03 00:30:24.562604+00:00,1970-01-01 00:00:00+00:00,2024-12-03 00:30:24.562604+00:00,5.0,66.22.226.79,65.067
63,2024-12-02 17:30:49.970286,62.pcapng,1,2024-12-03 00:30:37.144288+00:00,1970-01-01 00:00:00+00:00,2024-12-03 00:30:37.144288+00:00,0.12540411949157715,66.22.226.32,67.519
64,2024-12-02 17:31:02.750523,63.pcapng,2,2024-12-03 00:30:50.143897+00:00,1970-01-01 00:00:00+00:00,2024-12-03 00:30:50.143897+00:00,-3.303257942199707,66.22.227.26,65.201
65,2024-12-02 17:31:15.177402,64.pcapng,1,2024-12-03 00:31:02.964355+00:00,1970-01-01 00:00:00+00:00,2024-12-03 00:31:02.964355+00:00,5.0,66.22.227.26,66.586
66,2024-12-02 17:31:27.179778,65.pcapng,0,2024-12-03 00:31:15.545686+00:00,1970-01-01 00:00:00+00:00,2024-12-03 00:31:15.581209+00:00,5.0,NO IP TO PING
67,2024-12-02 17:31:39.823129,66.pcapng,1,2024-12-03 00:31:27.344545+00:00,1970-01-01 00:00:00+00:00,2024-12-03 00:31:27.344545+00:00,-2.9533121585845947,66.22.226.117,65.87
68,2024-12-02 17:31:52.612308,67.pcapng,2,2024-12-03 00:31:39.993712+00:00,1970-01-01 00:00:00+00:00,2024-12-03 00:31:39.993712+00:00,-2.9321019649505615,66.22.226.113,73.604
69,2024-12-02 17:32:05.076397,68.pcapng,1,2024-12-03 00:31:52.807980+00:00,1970-01-01 00:00:00+00:00,2024-12-03 00:31:52.807980+00:00,5.0,66.22.226.113,71.141
70,2024-12-02 17:32:17.711332,69.pcapng,1,2024-12-03 00:32:05.259888+00:00,1970-01-01 00:00:00+00:00,2024-12-03 00:32:05.259888+00:00,0.1193089485168457,66.22.226.128,67.68
71,2024-12-02 17:32:30.230616,70.pcapng,2,2024-12-03 00:32:17.884753+00:00,1970-01-01 00:00:00+00:00,2024-12-03 00:32:17.884753+00:00,-3.6383509635925293,66.22.227.28,66.19
72,2024-12-02 17:32:42.634748,71.pcapng,1,2024-12-03 00:32:30.421572+00:00,1970-01-01 00:00:00+00:00,2024-12-03 00:32:30.421572+00:00,5.0,66.22.227.28,65.804
73,2024-12-02 17:32:54.651935,72.pcapng,0,2024-12-03 00:32:42.818016+00:00,1970-01-01 00:00:00+00:00,2024-12-03 00:32:42.818016+00:00,5.0,NO IP TO PING
74,2024-12-02 17:33:06.591077,73.pcapng,0,2024-12-03 00:32:54.820872+00:00,1970-01-01 00:00:00+00:00,2024-12-03 00:32:54.820872+00:00,5.0,NO IP TO PING
75,2024-12-02 17:33:19.276351,74.pcapng,1,2024-12-03 00:33:06.752059+00:00,1970-01-01 00:00:00+00:00,2024-12-03 00:33:06.818801+00:00,-4.124953031539917,66.22.227.103,65.249
76,2024-12-02 17:33:31.750404,75.pcapng,1,2024-12-03 00:33:19.431040+00:00,1970-01-01 00:00:00+00:00,2024-12-03 00:33:19.431040+00:00,5.0,66.22.227.103,64.169
77,2024-12-02 17:33:44.180756,76.pcapng,1,2024-12-03 00:33:32.595708+00:00,1970-01-01 00:00:00+00:00,2024-12-03 00:33:36.508154+00:00,0.2011730670928955,66.22.227.27,64.051
78,2024-12-02 17:33:56.738421,77.pcapng,2,2024-12-03 00:33:44.343934+00:00,1970-01-01 00:00:00+00:00,2024-12-03 00:33:44.343934+00:00,-2.445305109024048,66.22.227.110,65.112
79,2024-12-02 17:34:09.090770,78.pcapng,1,2024-12-03 00:33:56.923296+00:00,1970-01-01 00:00:00+00:00,2024-12-03 00:33:56.923296+00:00,5.0,66.22.227.110,65.771
80,2024-12-02 17:34:21.027111,79.pcapng,0,2024-12-03 00:34:09.255932+00:00,1970-01-01 00:00:00+00:00,2024-12-03 00:34:09.282246+00:00,5.0,NO IP TO PING
81,2024-12-02 17:34:33.695274,80.pcapng,1,2024-12-03 00:34:21.211184+00:00,1970-01-01 00:00:00+00:00,2024-12-03 00:34:21.211184+00:00,-2.7216989994049072,66.22.227.67,67.317
82,2024-12-02 17:34:46.146935,81.pcapng,1,2024-12-03 00:34:33.844067+00:00,1970-01-01 00:00:00+00:00,2024-12-03 00:34:33.844067+00:00,5.0,66.22.227.67,63.519
83,2024-12-02 17:34:58.633346,82.pcapng,1,2024-12-03 00:34:46.438873+00:00,1970-01-01 00:00:00+00:00,2024-12-03 00:34:50.885431+00:00,0.21076202392578125,66.22.226.74,63.866
84,2024-12-02 17:35:11.219300,83.pcapng,2,2024-12-03 00:34:58.817561+00:00,1970-01-01 00:00:00+00:00,2024-12-03 00:34:58.817561+00:00,0.19225192070007324,66.22.226.41,65.626
85,2024-12-02 17:35:23.674404,84.pcapng,1,2024-12-03 00:35:11.399938+00:00,1970-01-01 00:00:00+00:00,2024-12-03 00:35:11.399938+00:00,5.0,66.22.226.41,65.216
86,2024-12-02 17:35:36.186931,85.pcapng,1,2024-12-03 00:35:23.860572+00:00,1970-01-01 00:00:00+00:00,2024-12-03 00:35:23.860572+00:00,0.20774507522583008,66.22.227.25,65.898
87,2024-12-02 17:35:48.827552,86.pcapng,2,2024-12-03 00:35:37.028586+00:00,1970-01-01 00:00:00+00:00,2024-12-03 00:35:37.028586+00:00,0.26529502868652344,66.22.226.52,65.501
88,2024-12-02 17:36:01.163771,87.pcapng,1,2024-12-03 00:35:49.002355+00:00,1970-01-01 00:00:00+00:00,2024-12-03 00:35:49.002355+00:00,5.0,66.22.226.52,63.543
89,2024-12-02 17:36:13.177537,88.pcapng,0,2024-12-03 00:36:01.340515+00:00,1970-01-01 00:00:00+00:00,2024-12-03 00:36:01.340515+00:00,5.0,NO IP TO PING
90,2024-12-02 17:36:25.899825,89.pcapng,1,2024-12-03 00:36:13.361455+00:00,1970-01-01 00:00:00+00:00,2024-12-03 00:36:13.361455+00:00,-4.258645057678223,66.22.226.107,66.828
91,2024-12-02 17:36:38.700402,90.pcapng,2,2024-12-03 00:36:26.122443+00:00,1970-01-01 00:00:00+00:00,2024-12-03 00:36:26.122443+00:00,-3.838728904724121,66.22.226.4,65.65
92,2024-12-02 17:36:51.071666,91.pcapng,1,2024-12-03 00:36:38.884386+00:00,1970-01-01 00:00:00+00:00,2024-12-03 00:36:38.884386+00:00,5.0,66.22.226.4,66.102
93,2024-12-02 17:37:03.732216,92.pcapng,1,2024-12-03 00:36:51.246760+00:00,1970-01-01 00:00:00+00:00,2024-12-03 00:36:51.246760+00:00,0.1609649658203125,66.22.227.107,66.718
94,2024-12-02 17:37:16.195907,93.pcapng,1,2024-12-03 00:37:03.917364+00:00,1970-01-01 00:00:00+00:00,2024-12-03 00:37:03.917364+00:00,5.0,66.22.227.107,64.743
95,2024-12-02 17:37:28.913867,94.pcapng,1,2024-12-03 00:37:16.379489+00:00,1970-01-01 00:00:00+00:00,2024-12-03 00:37:16.379489+00:00,0.197767972946167,66.22.226.51,67.506
96,2024-12-02 17:37:41.732902,95.pcapng,2,2024-12-03 00:37:29.073097+00:00,1970-01-01 00:00:00+00:00,2024-12-03 00:37:29.073097+00:00,-2.2216639518737793,66.22.226.61,66.298
97,2024-12-02 17:37:54.140289,96.pcapng,1,2024-12-03 00:37:41.928635+00:00,1970-01-01 00:00:00+00:00,2024-12-03 00:37:41.928635+00:00,5.0,66.22.226.61,66.359
98,2024-12-02 17:38:06.173840,97.pcapng,0,2024-12-03 00:37:54.334904+00:00,1970-01-01 00:00:00+00:00,2024-12-03 00:37:54.334904+00:00,5.0,NO IP TO PING
99,2024-12-02 17:38:18.883318,98.pcapng,1,2024-12-03 00:38:06.352183+00:00,1970-01-01 00:00:00+00:00,2024-12-03 00:38:06.352183+00:00,-3.4719009399414062,66.22.227.65,69.208
100,2024-12-02 17:38:31.686457,99.pcapng,2,2024-12-03 00:38:19.089418+00:00,1970-01-01 00:00:00+00:00,2024-12-03 00:38:19.089418+00:00,-2.994140148162842,66.22.226.7,65.323
101,2024-12-02 17:38:44.060679,100.pcapng,1,2024-12-03 00:38:31.881728+00:00,1970-01-01 00:00:00+00:00,2024-12-03 00:38:31.881728+00:00,5.0,66.22.226.7,66.062
102,2024-12-02 17:38:56.066947,101.pcapng,0,2024-12-03 00:38:44.235602+00:00,1970-01-01 00:00:00+00:00,2024-12-03 00:38:44.235602+00:00,5.0,NO IP TO PING
103,2024-12-02 17:39:08.783495,102.pcapng,1,2024-12-03 00:38:56.360415+00:00,1970-01-01 00:00:00+00:00,2024-12-03 00:38:56.360415+00:00,-3.569363832473755,66.22.227.87,63.015
104,2024-12-02 17:39:21.212902,103.pcapng,1,2024-12-03 00:39:09.001651+00:00,1970-01-01 00:00:00+00:00,2024-12-03 00:39:09.001651+00:00,5.0,66.22.227.87,65.878
105,2024-12-02 17:39:33.240055,104.pcapng,0,2024-12-03 00:39:21.417532+00:00,1970-01-01 00:00:00+00:00,2024-12-03 00:39:21.417532+00:00,5.0,NO IP TO PING
106,2024-12-02 17:39:45.506633,105.pcapng,0,2024-12-03 00:39:33.392610+00:00,1970-01-01 00:00:00+00:00,2024-12-03 00:39:33.392610+00:00,5.0,NO IP TO PING
107,2024-12-02 17:39:57.860637,106.pcapng,0,2024-12-03 00:39:45.675771+00:00,1970-01-01 00:00:00+00:00,2024-12-03 00:39:45.675771+00:00,5.0,NO IP TO PING
108,2024-12-02 17:40:10.929654,107.pcapng,1,2024-12-03 00:39:58.012288+00:00,1970-01-01 00:00:00+00:00,2024-12-03 00:39:58.012288+00:00,-2.254045009613037,66.22.227.15,64.143
109,2024-12-02 17:40:23.528792,108.pcapng,1,2024-12-03 00:40:11.098525+00:00,1970-01-01 00:00:00+00:00,2024-12-03 00:40:11.098525+00:00,5.0,66.22.227.15,63.887
110,2024-12-02 17:40:35.535611,109.pcapng,0,2024-12-03 00:40:23.689144+00:00,1970-01-01 00:00:00+00:00,2024-12-03 00:40:23.689144+00:00,5.0,NO IP TO PING
111,2024-12-02 17:40:47.595917,110.pcapng,0,2024-12-03 00:40:35.714498+00:00,1970-01-01 00:00:00+00:00,2024-12-03 00:40:35.714498+00:00,5.0,NO IP TO PING
112,2024-12-02 17:40:59.731978,111.pcapng,0,2024-12-03 00:40:47.790393+00:00,1970-01-01 00:00:00+00:00,2024-12-03 00:40:47.790393+00:00,5.0,NO IP TO PING
113,2024-12-02 17:41:12.044239,112.pcapng,0,2024-12-03 00:40:59.891569+00:00,1970-01-01 00:00:00+00:00,2024-12-03 00:40:59.891569+00:00,5.0,NO IP TO PING
114,2024-12-02 17:41:24.636551,113.pcapng,1,2024-12-03 00:41:12.200577+00:00,1970-01-01 00:00:00+00:00,2024-12-03 00:41:12.200577+00:00,-3.8064310550689697,66.22.227.101,65.019
115,2024-12-02 17:41:37.074163,114.pcapng,1,2024-12-03 00:41:24.794115+00:00,1970-01-01 00:00:00+00:00,2024-12-03 00:41:24.794115+00:00,5.0,66.22.227.101,65.154
116,2024-12-02 17:41:48.984670,115.pcapng,0,2024-12-03 00:41:37.254410+00:00,1970-01-01 00:00:00+00:00,2024-12-03 00:41:37.254410+00:00,5.0,NO IP TO PING
117,2024-12-02 17:42:01.486550,116.pcapng,0,2024-12-03 00:41:49.169876+00:00,1970-01-01 00:00:00+00:00,2024-12-03 00:41:49.169876+00:00,5.0,NO IP TO PING
118,2024-12-02 17:42:14.381325,117.pcapng,1,2024-12-03 00:42:01.705637+00:00,1970-01-01 00:00:00+00:00,2024-12-03 00:42:01.705637+00:00,-4.045754909515381,66.22.226.108,68.353
119,2024-12-02 17:42:27.040999,118.pcapng,2,2024-12-03 00:42:14.559711+00:00,1970-01-01 00:00:00+00:00,2024-12-03 00:42:14.559711+00:00,0.14179706573486328,66.22.227.118,65.912
120,2024-12-02 17:42:39.562292,119.pcapng,2,2024-12-03 00:42:27.206611+00:00,1970-01-01 00:00:00+00:00,2024-12-03 00:42:27.206611+00:00,0.13650298118591309,66.22.226.105,Failed
121,2024-12-02 17:42:51.963260,120.pcapng,1,2024-12-03 00:42:39.755774+00:00,1970-01-01 00:00:00+00:00,2024-12-03 00:42:39.755774+00:00,5.0,66.22.226.105,67.373
122,2024-12-02 17:43:04.280804,121.pcapng,0,2024-12-03 00:42:52.128516+00:00,1970-01-01 00:00:00+00:00,2024-12-03 00:42:52.147364+00:00,5.0,NO IP TO PING
123,2024-12-02 17:43:17.044743,122.pcapng,1,2024-12-03 00:43:04.449524+00:00,1970-01-01 00:00:00+00:00,2024-12-03 00:43:04.472992+00:00,-2.293354034423828,66.22.227.89,68.735
124,2024-12-02 17:43:29.462897,123.pcapng,1,2024-12-03 00:43:17.230530+00:00,1970-01-01 00:00:00+00:00,2024-12-03 00:43:17.230530+00:00,5.0,66.22.227.89,121.485
125,2024-12-02 17:43:41.663682,124.pcapng,0,2024-12-03 00:43:29.642882+00:00,1970-01-01 00:00:00+00:00,2024-12-03 00:43:29.642882+00:00,5.0,NO IP TO PING
126,2024-12-02 17:43:54.215098,125.pcapng,1,2024-12-03 00:43:41.859652+00:00,1970-01-01 00:00:00+00:00,2024-12-03 00:43:41.859652+00:00,0.16563081741333008,66.22.226.122,65.236
127,2024-12-02 17:44:06.670217,126.pcapng,1,2024-12-03 00:43:54.395235+00:00,1970-01-01 00:00:00+00:00,2024-12-03 00:43:54.395235+00:00,5.0,66.22.226.122,65.495
128,2024-12-02 17:44:18.711357,127.pcapng,0,2024-12-03 00:44:06.848696+00:00,1970-01-01 00:00:00+00:00,2024-12-03 00:44:06.848696+00:00,5.0,NO IP TO PING
129,2024-12-02 17:44:30.692397,128.pcapng,0,2024-12-03 00:44:18.869493+00:00,1970-01-01 00:00:00+00:00,2024-12-03 00:44:18.869493+00:00,5.0,NO IP TO PING
130,2024-12-02 17:44:43.539604,129.pcapng,1,2024-12-03 00:44:30.871973+00:00,1970-01-01 00:00:00+00:00,2024-12-03 00:44:30.871973+00:00,-3.736175060272217,66.22.227.21,65.626
131,2024-12-02 17:44:56.002487,130.pcapng,1,2024-12-03 00:44:43.719767+00:00,1970-01-01 00:00:00+00:00,2024-12-03 00:44:43.719767+00:00,5.0,66.22.227.21,93.156
132,2024-12-02 17:45:08.849499,131.pcapng,1,2024-12-03 00:44:56.179412+00:00,1970-01-01 00:00:00+00:00,2024-12-03 00:44:56.179412+00:00,0.14190006256103516,66.22.226.54,73.838
133,2024-12-02 17:45:21.599712,132.pcapng,2,2024-12-03 00:45:09.024405+00:00,1970-01-01 00:00:00+00:00,2024-12-03 00:45:09.024405+00:00,-3.430091142654419,66.22.226.40,113.074
134,2024-12-02 17:45:34.041116,133.pcapng,1,2024-12-03 00:45:21.782239+00:00,1970-01-01 00:00:00+00:00,2024-12-03 00:45:21.782239+00:00,5.0,66.22.226.40,65.185
135,2024-12-02 17:45:46.675377,134.pcapng,1,2024-12-03 00:45:34.224477+00:00,1970-01-01 00:00:00+00:00,2024-12-03 00:45:34.224477+00:00,0.1325240135192871,66.22.227.57,67.966
136,2024-12-02 17:45:59.178489,135.pcapng,1,2024-12-03 00:45:46.839297+00:00,1970-01-01 00:00:00+00:00,2024-12-03 00:45:46.839297+00:00,5.0,66.22.227.57,64.528
137,2024-12-02 17:46:11.809650,136.pcapng,1,2024-12-03 00:45:59.388665+00:00,1970-01-01 00:00:00+00:00,2024-12-03 00:45:59.388665+00:00,0.16183900833129883,66.22.227.56,66.664
138,2024-12-02 17:46:24.528925,137.pcapng,2,2024-12-03 00:46:12.006828+00:00,1970-01-01 00:00:00+00:00,2024-12-03 00:46:12.006828+00:00,-1.9667458534240723,66.22.226.118,64.003
139,2024-12-02 17:46:36.986047,138.pcapng,1,2024-12-03 00:46:24.702329+00:00,1970-01-01 00:00:00+00:00,2024-12-03 00:46:24.702329+00:00,5.0,66.22.226.118,75.419
140,2024-12-02 17:46:49.100909,139.pcapng,0,2024-12-03 00:46:37.152856+00:00,1970-01-01 00:00:00+00:00,2024-12-03 00:46:37.152856+00:00,5.0,NO IP TO PING
141,2024-12-02 17:47:01.072243,140.pcapng,0,2024-12-03 00:46:49.285285+00:00,1970-01-01 00:00:00+00:00,2024-12-03 00:46:49.285285+00:00,5.0,NO IP TO PING
142,2024-12-02 17:47:13.154171,141.pcapng,0,2024-12-03 00:47:01.249441+00:00,1970-01-01 00:00:00+00:00,2024-12-03 00:47:01.249441+00:00,5.0,NO IP TO PING
143,2024-12-02 17:47:25.923978,142.pcapng,1,2024-12-03 00:47:13.318171+00:00,1970-01-01 00:00:00+00:00,2024-12-03 00:47:13.318171+00:00,-2.3988800048828125,66.22.227.76,63.572
144,2024-12-02 17:47:38.479552,143.pcapng,1,2024-12-03 00:47:26.104873+00:00,1970-01-01 00:00:00+00:00,2024-12-03 00:47:26.104873+00:00,5.0,66.22.227.76,64.792
145,2024-12-02 17:47:50.480980,144.pcapng,0,2024-12-03 00:47:38.664378+00:00,1970-01-01 00:00:00+00:00,2024-12-03 00:47:38.664378+00:00,5.0,NO IP TO PING
146,2024-12-02 17:48:02.920458,145.pcapng,0,2024-12-03 00:47:50.677812+00:00,1970-01-01 00:00:00+00:00,2024-12-03 00:47:50.677812+00:00,5.0,NO IP TO PING
147,2024-12-02 17:48:15.039945,146.pcapng,0,2024-12-03 00:48:03.079835+00:00,1970-01-01 00:00:00+00:00,2024-12-03 00:48:03.079835+00:00,5.0,NO IP TO PING
148,2024-12-02 17:48:27.142064,147.pcapng,0,2024-12-03 00:48:15.219804+00:00,1970-01-01 00:00:00+00:00,2024-12-03 00:48:15.219804+00:00,5.0,NO IP TO PING
149,2024-12-02 17:48:39.656581,148.pcapng,1,2024-12-03 00:48:27.322500+00:00,1970-01-01 00:00:00+00:00,2024-12-03 00:48:27.322500+00:00,-4.292918920516968,66.22.226.70,68.513
150,2024-12-02 17:48:52.213969,149.pcapng,2,2024-12-03 00:48:39.823968+00:00,1970-01-01 00:00:00+00:00,2024-12-03 00:48:39.823968+00:00,0.1383051872253418,66.22.226.111,68.839
151,2024-12-02 17:49:04.602934,150.pcapng,1,2024-12-03 00:48:52.368333+00:00,1970-01-01 00:00:00+00:00,2024-12-03 00:48:52.368333+00:00,5.0,66.22.226.111,70.972
152,2024-12-02 17:49:16.527464,151.pcapng,0,2024-12-03 00:49:04.761085+00:00,1970-01-01 00:00:00+00:00,2024-12-03 00:49:04.761085+00:00,5.0,NO IP TO PING
153,2024-12-02 17:49:29.250572,152.pcapng,1,2024-12-03 00:49:16.699576+00:00,1970-01-01 00:00:00+00:00,2024-12-03 00:49:16.699576+00:00,-3.923701047897339,66.22.226.59,71.872
154,2024-12-02 17:49:41.878324,153.pcapng,2,2024-12-03 00:49:29.459039+00:00,1970-01-01 00:00:00+00:00,2024-12-03 00:49:29.459039+00:00,-3.242271900177002,66.22.226.9,70.635
155,2024-12-02 17:49:54.171596,154.pcapng,1,2024-12-03 00:49:42.053839+00:00,1970-01-01 00:00:00+00:00,2024-12-03 00:49:42.053839+00:00,5.0,66.22.226.9,68.261
156,2024-12-02 17:50:06.208847,155.pcapng,0,2024-12-03 00:49:54.422740+00:00,1970-01-01 00:00:00+00:00,2024-12-03 00:49:54.422740+00:00,5.0,NO IP TO PING
157,2024-12-02 17:50:18.304025,156.pcapng,0,2024-12-03 00:50:06.388171+00:00,1970-01-01 00:00:00+00:00,2024-12-03 00:50:06.388171+00:00,5.0,NO IP TO PING
158,2024-12-02 17:50:31.305814,157.pcapng,1,2024-12-03 00:50:19.187911+00:00,1970-01-01 00:00:00+00:00,2024-12-03 00:50:19.223015+00:00,-4.417226076126099,66.22.226.25,70.579
159,2024-12-02 17:50:43.756371,158.pcapng,1,2024-12-03 00:50:31.589174+00:00,1970-01-01 00:00:00+00:00,2024-12-03 00:50:31.589174+00:00,5.0,66.22.226.25,65.035
160,2024-12-02 17:50:55.754219,159.pcapng,0,2024-12-03 00:50:43.967466+00:00,1970-01-01 00:00:00+00:00,2024-12-03 00:50:43.967466+00:00,5.0,NO IP TO PING
161,2024-12-02 17:51:08.078782,160.pcapng,0,2024-12-03 00:50:55.914918+00:00,1970-01-01 00:00:00+00:00,2024-12-03 00:50:55.914918+00:00,5.0,NO IP TO PING
162,2024-12-02 17:51:20.182411,161.pcapng,0,2024-12-03 00:51:08.250895+00:00,1970-01-01 00:00:00+00:00,2024-12-03 00:51:08.250895+00:00,5.0,NO IP TO PING
163,2024-12-02 17:51:33.002645,162.pcapng,1,2024-12-03 00:51:20.421952+00:00,1970-01-01 00:00:00+00:00,2024-12-03 00:51:20.421952+00:00,-3.8275139331817627,66.22.226.116,65.645
164,2024-12-02 17:51:45.894069,163.pcapng,2,2024-12-03 00:51:33.255021+00:00,1970-01-01 00:00:00+00:00,2024-12-03 00:51:33.255021+00:00,-2.472580909729004,66.22.226.120,67.264
165,2024-12-02 17:51:58.248414,164.pcapng,1,2024-12-03 00:51:46.344263+00:00,1970-01-01 00:00:00+00:00,2024-12-03 00:51:46.344263+00:00,5.0,66.22.226.120,65.068
166,2024-12-02 17:52:11.192407,165.pcapng,1,2024-12-03 00:51:58.425464+00:00,1970-01-01 00:00:00+00:00,2024-12-03 00:51:58.425464+00:00,0.15722894668579102,66.22.227.31,63.622
167,2024-12-02 17:52:23.861865,166.pcapng,2,2024-12-03 00:52:11.348624+00:00,1970-01-01 00:00:00+00:00,2024-12-03 00:52:11.348624+00:00,-2.216982841491699,66.22.226.60,70.257
168,2024-12-02 17:52:36.268767,167.pcapng,1,2024-12-03 00:52:24.050506+00:00,1970-01-01 00:00:00+00:00,2024-12-03 00:52:24.050506+00:00,5.0,66.22.226.60,68.044
169,2024-12-02 17:52:48.972952,168.pcapng,1,2024-12-03 00:52:36.497108+00:00,1970-01-01 00:00:00+00:00,2024-12-03 00:52:36.497108+00:00,0.1334538459777832,66.22.226.69,65.835
170,2024-12-02 17:53:01.852200,169.pcapng,2,2024-12-03 00:52:49.169955+00:00,1970-01-01 00:00:00+00:00,2024-12-03 00:52:49.169955+00:00,-2.320888042449951,66.22.226.78,63.64
171,2024-12-02 17:53:14.490617,170.pcapng,2,2024-12-03 00:53:02.058060+00:00,1970-01-01 00:00:00+00:00,2024-12-03 00:53:02.058060+00:00,0.28560686111450195,66.22.227.70,70.863
172,2024-12-02 17:53:27.299467,171.pcapng,2,2024-12-03 00:53:14.701367+00:00,1970-01-01 00:00:00+00:00,2024-12-03 00:53:14.701367+00:00,0.13504290580749512,66.22.227.6,72.19
173,2024-12-02 17:53:39.669437,172.pcapng,1,2024-12-03 00:53:27.507771+00:00,1970-01-01 00:00:00+00:00,2024-12-03 00:53:27.507771+00:00,5.0,66.22.227.6,78.873
174,2024-12-02 17:53:51.520382,173.pcapng,0,2024-12-03 00:53:39.899957+00:00,1970-01-01 00:00:00+00:00,2024-12-03 00:53:39.899957+00:00,5.0,NO IP TO PING
175,2024-12-02 17:54:03.512542,174.pcapng,0,2024-12-03 00:53:51.702900+00:00,1970-01-01 00:00:00+00:00,2024-12-03 00:53:51.702900+00:00,5.0,NO IP TO PING
176,2024-12-02 17:54:16.512182,175.pcapng,1,2024-12-03 00:54:03.741342+00:00,1970-01-01 00:00:00+00:00,2024-12-03 00:54:03.741342+00:00,-2.7655370235443115,66.22.227.105,64.2
177,2024-12-02 17:54:29.112970,176.pcapng,1,2024-12-03 00:54:16.723204+00:00,1970-01-01 00:00:00+00:00,2024-12-03 00:54:16.723204+00:00,5.0,66.22.227.105,74.125
178,2024-12-02 17:54:41.155540,177.pcapng,0,2024-12-03 00:54:29.282654+00:00,1970-01-01 00:00:00+00:00,2024-12-03 00:54:29.282654+00:00,5.0,NO IP TO PING
179,2024-12-02 17:54:53.104942,178.pcapng,0,2024-12-03 00:54:41.336647+00:00,1970-01-01 00:00:00+00:00,2024-12-03 00:54:41.336647+00:00,5.0,NO IP TO PING
180,2024-12-02 17:55:05.110580,179.pcapng,0,2024-12-03 00:54:53.282236+00:00,1970-01-01 00:00:00+00:00,2024-12-03 00:54:53.282236+00:00,5.0,NO IP TO PING
181,2024-12-02 17:55:17.899746,180.pcapng,1,2024-12-03 00:55:05.284495+00:00,1970-01-01 00:00:00+00:00,2024-12-03 00:55:05.284495+00:00,-3.990537166595459,66.22.227.32,63.547
182,2024-12-02 17:55:30.688002,181.pcapng,1,2024-12-03 00:55:18.112035+00:00,1970-01-01 00:00:00+00:00,2024-12-03 00:55:18.112035+00:00,5.0,66.22.227.32,71.587
183,2024-12-02 17:55:42.742352,182.pcapng,0,2024-12-03 00:55:30.944408+00:00,1970-01-01 00:00:00+00:00,2024-12-03 00:55:30.944408+00:00,5.0,NO IP TO PING
184,2024-12-02 17:55:54.747685,183.pcapng,0,2024-12-03 00:55:42.926781+00:00,1970-01-01 00:00:00+00:00,2024-12-03 00:55:42.926781+00:00,5.0,NO IP TO PING
185,2024-12-02 17:56:07.474641,184.pcapng,1,2024-12-03 00:55:55.584612+00:00,1970-01-01 00:00:00+00:00,2024-12-03 00:55:55.618823+00:00,-3.676503896713257,66.22.226.35,66.079
186,2024-12-02 17:56:20.084711,185.pcapng,1,2024-12-03 00:56:07.684102+00:00,1970-01-01 00:00:00+00:00,2024-12-03 00:56:07.684102+00:00,5.0,66.22.226.35,65.223
187,2024-12-02 17:56:32.053394,186.pcapng,0,2024-12-03 00:56:21.111043+00:00,1970-01-01 00:00:00+00:00,2024-12-03 00:56:24.761702+00:00,5.0,NO IP TO PING
188,2024-12-02 17:56:44.784636,187.pcapng,1,2024-12-03 00:56:32.240876+00:00,1970-01-01 00:00:00+00:00,2024-12-03 00:56:32.240876+00:00,-3.19364595413208,66.22.226.11,122.266
189,2024-12-02 17:56:57.269890,188.pcapng,1,2024-12-03 00:56:44.965488+00:00,1970-01-01 00:00:00+00:00,2024-12-03 00:56:44.965488+00:00,5.0,66.22.226.11,68.77
190,2024-12-02 17:57:09.311655,189.pcapng,0,2024-12-03 00:56:57.443307+00:00,1970-01-01 00:00:00+00:00,2024-12-03 00:56:57.443307+00:00,5.0,NO IP TO PING
191,2024-12-02 17:57:21.243100,190.pcapng,0,2024-12-03 00:57:09.476144+00:00,1970-01-01 00:00:00+00:00,2024-12-03 00:57:09.476144+00:00,5.0,NO IP TO PING
192,2024-12-02 17:57:33.367782,191.pcapng,0,2024-12-03 00:57:21.426421+00:00,1970-01-01 00:00:00+00:00,2024-12-03 00:57:21.426421+00:00,5.0,NO IP TO PING
193,2024-12-02 17:57:46.578387,192.pcapng,1,2024-12-03 00:57:34.234571+00:00,1970-01-01 00:00:00+00:00,2024-12-03 00:57:34.262007+00:00,-3.5853700637817383,66.22.227.37,66.184
194,2024-12-02 17:57:59.038648,193.pcapng,1,2024-12-03 00:57:46.758520+00:00,1970-01-01 00:00:00+00:00,2024-12-03 00:57:46.758520+00:00,5.0,66.22.227.37,70.352
195,2024-12-02 17:58:11.614036,194.pcapng,1,2024-12-03 00:57:59.205911+00:00,1970-01-01 00:00:00+00:00,2024-12-03 00:57:59.205911+00:00,0.17022109031677246,66.22.226.68,72.801
196,2024-12-02 17:58:24.331685,195.pcapng,2,2024-12-03 00:58:11.839931+00:00,1970-01-01 00:00:00+00:00,2024-12-03 00:58:11.839931+00:00,-2.7513599395751953,66.22.226.94,94.867
197,2024-12-02 17:58:36.665106,196.pcapng,1,2024-12-03 00:58:24.528937+00:00,1970-01-01 00:00:00+00:00,2024-12-03 00:58:24.528937+00:00,5.0,66.22.226.94,68.633
198,2024-12-02 17:58:48.673832,197.pcapng,0,2024-12-03 00:58:36.833059+00:00,1970-01-01 00:00:00+00:00,2024-12-03 00:58:36.841250+00:00,5.0,NO IP TO PING
199,2024-12-02 17:59:01.640003,198.pcapng,1,2024-12-03 00:58:48.904711+00:00,1970-01-01 00:00:00+00:00,2024-12-03 00:58:48.904711+00:00,-3.116929054260254,66.22.227.39,Failed
200,2024-12-02 17:59:14.239486,199.pcapng,1,2024-12-03 00:59:01.839486+00:00,1970-01-01 00:00:00+00:00,2024-12-03 00:59:01.839486+00:00,5.0,66.22.227.39,65.928
201,2024-12-02 17:59:26.789542,200.pcapng,1,2024-12-03 00:59:14.426746+00:00,1970-01-01 00:00:00+00:00,2024-12-03 00:59:14.426746+00:00,0.16931819915771484,66.22.227.11,63.446
202,2024-12-02 17:59:39.142271,201.pcapng,1,2024-12-03 00:59:26.951713+00:00,1970-01-01 00:00:00+00:00,2024-12-03 00:59:26.951713+00:00,5.0,66.22.227.11,67.877
203,2024-12-02 17:59:51.139813,202.pcapng,0,2024-12-03 00:59:39.317236+00:00,1970-01-01 00:00:00+00:00,2024-12-03 00:59:39.317236+00:00,5.0,NO IP TO PING
204,2024-12-02 18:00:03.906788,203.pcapng,1,2024-12-03 00:59:51.306768+00:00,1970-01-01 00:00:00+00:00,2024-12-03 00:59:51.306768+00:00,-3.693803071975708,66.22.227.90,68.014
205,2024-12-02 18:00:16.388447,204.pcapng,1,2024-12-03 01:00:04.083046+00:00,1970-01-01 00:00:00+00:00,2024-12-03 01:00:04.083046+00:00,5.0,66.22.227.90,65.369
206,2024-12-02 18:00:28.632399,205.pcapng,0,2024-12-03 01:00:16.575543+00:00,1970-01-01 00:00:00+00:00,2024-12-03 01:00:16.575543+00:00,5.0,NO IP TO PING
207,2024-12-02 18:00:40.621783,206.pcapng,0,2024-12-03 01:00:28.820047+00:00,1970-01-01 00:00:00+00:00,2024-12-03 01:00:28.820047+00:00,5.0,NO IP TO PING
208,2024-12-02 18:00:52.717874,207.pcapng,0,2024-12-03 01:00:40.817823+00:00,1970-01-01 00:00:00+00:00,2024-12-03 01:00:40.817823+00:00,5.0,NO IP TO PING
209,2024-12-02 18:01:04.736219,208.pcapng,0,2024-12-03 01:00:52.905690+00:00,1970-01-01 00:00:00+00:00,2024-12-03 01:00:52.905690+00:00,5.0,NO IP TO PING
210,2024-12-02 18:01:16.848681,209.pcapng,0,2024-12-03 01:01:04.927526+00:00,1970-01-01 00:00:00+00:00,2024-12-03 01:01:04.927526+00:00,5.0,NO IP TO PING
211,2024-12-02 18:01:29.133425,210.pcapng,0,2024-12-03 01:01:16.993696+00:00,1970-01-01 00:00:00+00:00,2024-12-03 01:01:16.993696+00:00,5.0,NO IP TO PING
212,2024-12-02 18:01:41.893203,211.pcapng,1,2024-12-03 01:01:29.347814+00:00,1970-01-01 00:00:00+00:00,2024-12-03 01:01:29.347814+00:00,-4.2140350341796875,66.22.226.16,65.207
213,2024-12-02 18:01:54.656033,212.pcapng,2,2024-12-03 01:01:42.063341+00:00,1970-01-01 00:00:00+00:00,2024-12-03 01:01:42.063341+00:00,0.14858603477478027,66.22.226.43,66.413
214,2024-12-02 18:02:07.071232,213.pcapng,1,2024-12-03 01:01:54.837168+00:00,1970-01-01 00:00:00+00:00,2024-12-03 01:01:54.837168+00:00,5.0,66.22.226.43,66.605
215,2024-12-02 18:02:19.015950,214.pcapng,0,2024-12-03 01:02:07.241306+00:00,1970-01-01 00:00:00+00:00,2024-12-03 01:02:07.241306+00:00,5.0,NO IP TO PING
216,2024-12-02 18:02:31.264473,215.pcapng,0,2024-12-03 01:02:19.183074+00:00,1970-01-01 00:00:00+00:00,2024-12-03 01:02:19.183074+00:00,5.0,NO IP TO PING
217,2024-12-02 18:02:43.153256,216.pcapng,0,2024-12-03 01:02:33.159113+00:00,1970-01-01 00:00:00+00:00,2024-12-03 01:02:36.038276+00:00,5.0,NO IP TO PING
218,2024-12-02 18:02:55.945319,217.pcapng,1,2024-12-03 01:02:43.325311+00:00,1970-01-01 00:00:00+00:00,2024-12-03 01:02:43.325311+00:00,-3.320404052734375,66.22.227.93,68.323
219,2024-12-02 18:03:08.696722,218.pcapng,1,2024-12-03 01:02:56.113007+00:00,1970-01-01 00:00:00+00:00,2024-12-03 01:02:56.113007+00:00,5.0,66.22.227.93,66.795
220,2024-12-02 18:03:20.833222,219.pcapng,0,2024-12-03 01:03:08.913403+00:00,1970-01-01 00:00:00+00:00,2024-12-03 01:03:08.913403+00:00,5.0,NO IP TO PING
221,2024-12-02 18:03:32.966836,220.pcapng,0,2024-12-03 01:03:21.000655+00:00,1970-01-01 00:00:00+00:00,2024-12-03 01:03:21.000655+00:00,5.0,NO IP TO PING
222,2024-12-02 18:03:45.958485,221.pcapng,1,2024-12-03 01:03:33.549219+00:00,1970-01-01 00:00:00+00:00,2024-12-03 01:03:33.581068+00:00,0.1517338752746582,66.22.226.49,66.724
223,2024-12-02 18:03:58.920193,222.pcapng,2,2024-12-03 01:03:46.128599+00:00,1970-01-01 00:00:00+00:00,2024-12-03 01:03:46.128599+00:00,-3.138979911804199,66.22.226.10,65.771
224,2024-12-02 18:04:11.815830,223.pcapng,2,2024-12-03 01:03:59.095810+00:00,1970-01-01 00:00:00+00:00,2024-12-03 01:03:59.095810+00:00,0.16925406455993652,66.22.226.30,65.636
225,2024-12-02 18:04:24.190888,224.pcapng,1,2024-12-03 01:04:11.993192+00:00,1970-01-01 00:00:00+00:00,2024-12-03 01:04:11.993192+00:00,5.0,66.22.226.30,67.553
226,2024-12-02 18:04:36.939047,225.pcapng,1,2024-12-03 01:04:24.356130+00:00,1970-01-01 00:00:00+00:00,2024-12-03 01:04:24.356130+00:00,0.240861177444458,66.22.226.112,65.391
227,2024-12-02 18:04:49.664940,226.pcapng,2,2024-12-03 01:04:37.102397+00:00,1970-01-01 00:00:00+00:00,2024-12-03 01:04:37.102397+00:00,-2.8331120014190674,66.22.227.35,65.65
228,2024-12-02 18:05:02.236469,227.pcapng,2,2024-12-03 01:04:49.822252+00:00,1970-01-01 00:00:00+00:00,2024-12-03 01:04:49.822252+00:00,0.23798108100891113,66.22.227.97,65.141
229,2024-12-02 18:05:14.632627,228.pcapng,1,2024-12-03 01:05:02.464323+00:00,1970-01-01 00:00:00+00:00,2024-12-03 01:05:02.464323+00:00,5.0,66.22.227.97,63.179
230,2024-12-02 18:05:26.652323,229.pcapng,0,2024-12-03 01:05:14.793219+00:00,1970-01-01 00:00:00+00:00,2024-12-03 01:05:14.793219+00:00,5.0,NO IP TO PING
231,2024-12-02 18:05:38.744223,230.pcapng,0,2024-12-03 01:05:26.828220+00:00,1970-01-01 00:00:00+00:00,2024-12-03 01:05:26.828220+00:00,5.0,NO IP TO PING
232,2024-12-02 18:05:51.011637,231.pcapng,0,2024-12-03 01:05:38.912290+00:00,1970-01-01 00:00:00+00:00,2024-12-03 01:05:38.912290+00:00,5.0,NO IP TO PING
233,2024-12-02 18:06:03.138117,232.pcapng,0,2024-12-03 01:05:51.168589+00:00,1970-01-01 00:00:00+00:00,2024-12-03 01:05:51.168589+00:00,5.0,NO IP TO PING
234,2024-12-02 18:06:15.931805,233.pcapng,1,2024-12-03 01:06:03.325374+00:00,1970-01-01 00:00:00+00:00,2024-12-03 01:06:03.325374+00:00,0.12423014640808105,66.22.227.58,67.697
235,2024-12-02 18:06:28.671907,234.pcapng,1,2024-12-03 01:06:16.088412+00:00,1970-01-01 00:00:00+00:00,2024-12-03 01:06:16.088412+00:00,5.0,66.22.227.58,67.197
236,2024-12-02 18:06:41.343813,235.pcapng,1,2024-12-03 01:06:30.233247+00:00,1970-01-01 00:00:00+00:00,2024-12-03 01:06:33.358034+00:00,0.17973589897155762,66.22.226.101,63.53
237,2024-12-02 18:06:53.694199,236.pcapng,1,2024-12-03 01:06:41.576003+00:00,1970-01-01 00:00:00+00:00,2024-12-03 01:06:41.576003+00:00,5.0,66.22.226.101,63.768
238,2024-12-02 18:07:05.737503,237.pcapng,0,2024-12-03 01:06:53.886659+00:00,1970-01-01 00:00:00+00:00,2024-12-03 01:06:53.886659+00:00,5.0,NO IP TO PING
239,2024-12-02 18:07:17.769738,238.pcapng,0,2024-12-03 01:07:05.957935+00:00,1970-01-01 00:00:00+00:00,2024-12-03 01:07:05.957935+00:00,5.0,NO IP TO PING
240,2024-12-02 18:07:29.802051,239.pcapng,0,2024-12-03 01:07:17.963420+00:00,1970-01-01 00:00:00+00:00,2024-12-03 01:07:17.963420+00:00,5.0,NO IP TO PING
241,2024-12-02 18:07:41.929957,240.pcapng,0,2024-12-03 01:07:30.221657+00:00,1970-01-01 00:00:00+00:00,2024-12-03 01:07:30.242380+00:00,5.0,NO IP TO PING
242,2024-12-02 18:07:54.073896,241.pcapng,0,2024-12-03 01:07:42.134126+00:00,1970-01-01 00:00:00+00:00,2024-12-03 01:07:42.134126+00:00,5.0,NO IP TO PING
243,2024-12-02 18:08:06.801870,242.pcapng,1,2024-12-03 01:07:54.244904+00:00,1970-01-01 00:00:00+00:00,2024-12-03 01:07:54.244904+00:00,-3.061800956726074,66.22.227.119,66.469
244,2024-12-02 18:08:19.322336,243.pcapng,1,2024-12-03 01:08:06.998065+00:00,1970-01-01 00:00:00+00:00,2024-12-03 01:08:06.998065+00:00,5.0,66.22.227.119,67.29
245,2024-12-02 18:08:32.207056,244.pcapng,1,2024-12-03 01:08:19.496628+00:00,1970-01-01 00:00:00+00:00,2024-12-03 01:08:19.496628+00:00,0.17151093482971191,66.22.227.95,66.205
246,2024-12-02 18:08:44.729716,245.pcapng,1,2024-12-03 01:08:32.413755+00:00,1970-01-01 00:00:00+00:00,2024-12-03 01:08:32.413755+00:00,5.0,66.22.227.95,66.026
247,2024-12-02 18:08:57.294284,246.pcapng,1,2024-12-03 01:08:44.893717+00:00,1970-01-01 00:00:00+00:00,2024-12-03 01:08:44.893717+00:00,0.13298416137695312,66.22.226.28,65.638
248,2024-12-02 18:09:09.837018,247.pcapng,1,2024-12-03 01:08:57.456459+00:00,1970-01-01 00:00:00+00:00,2024-12-03 01:08:57.456459+00:00,5.0,66.22.226.28,66.634
249,2024-12-02 18:09:21.911070,248.pcapng,0,2024-12-03 01:09:10.027224+00:00,1970-01-01 00:00:00+00:00,2024-12-03 01:09:10.027224+00:00,5.0,NO IP TO PING
250,2024-12-02 18:09:34.287798,249.pcapng,0,2024-12-03 01:09:22.094455+00:00,1970-01-01 00:00:00+00:00,2024-12-03 01:09:22.094455+00:00,5.0,NO IP TO PING
251,2024-12-02 18:09:47.104726,250.pcapng,1,2024-12-03 01:09:38.566345+00:00,1970-01-01 00:00:00+00:00,2024-12-03 01:09:39.045820+00:00,-2.877777099609375,66.22.227.117,64.793
252,2024-12-02 18:09:59.717399,251.pcapng,2,2024-12-03 01:09:47.680701+00:00,1970-01-01 00:00:00+00:00,2024-12-03 01:09:47.680701+00:00,-3.440953016281128,66.22.226.109,66.763
253,2024-12-02 18:10:12.369084,252.pcapng,2,2024-12-03 01:09:59.897400+00:00,1970-01-01 00:00:00+00:00,2024-12-03 01:09:59.897400+00:00,0.22656702995300293,66.22.226.47,65.789
254,2024-12-02 18:10:25.079805,253.pcapng,2,2024-12-03 01:10:12.550273+00:00,1970-01-01 00:00:00+00:00,2024-12-03 01:10:12.550273+00:00,0.13449788093566895,66.22.226.110,66.522
255,2024-12-02 18:10:37.466429,254.pcapng,1,2024-12-03 01:10:25.725707+00:00,1970-01-01 00:00:00+00:00,2024-12-03 01:10:25.725707+00:00,5.0,66.22.226.110,65.715
256,2024-12-02 18:10:49.663282,255.pcapng,0,2024-12-03 01:10:37.620111+00:00,1970-01-01 00:00:00+00:00,2024-12-03 01:10:37.627550+00:00,5.0,NO IP TO PING
257,2024-12-02 18:11:02.498608,256.pcapng,1,2024-12-03 01:10:49.833684+00:00,1970-01-01 00:00:00+00:00,2024-12-03 01:10:49.833684+00:00,-3.3212480545043945,66.22.226.114,65.311
258,2024-12-02 18:11:15.207705,257.pcapng,1,2024-12-03 01:11:02.678729+00:00,1970-01-01 00:00:00+00:00,2024-12-03 01:11:02.678729+00:00,5.0,66.22.226.114,66.392
259,2024-12-02 18:11:27.168068,258.pcapng,0,2024-12-03 01:11:15.369112+00:00,1970-01-01 00:00:00+00:00,2024-12-03 01:11:15.369112+00:00,5.0,NO IP TO PING
260,2024-12-02 18:11:39.242056,259.pcapng,0,2024-12-03 01:11:27.357789+00:00,1970-01-01 00:00:00+00:00,2024-12-03 01:11:27.357789+00:00,5.0,NO IP TO PING
261,2024-12-02 18:11:51.226592,260.pcapng,0,2024-12-03 01:11:39.407014+00:00,1970-01-01 00:00:00+00:00,2024-12-03 01:11:39.407014+00:00,5.0,NO IP TO PING
262,2024-12-02 18:12:03.348174,261.pcapng,0,2024-12-03 01:11:51.407388+00:00,1970-01-01 00:00:00+00:00,2024-12-03 01:11:51.407388+00:00,5.0,NO IP TO PING
263,2024-12-02 18:12:15.703916,262.pcapng,0,2024-12-03 01:12:03.500963+00:00,1970-01-01 00:00:00+00:00,2024-12-03 01:12:03.500963+00:00,5.0,NO IP TO PING
264,2024-12-02 18:12:28.491448,263.pcapng,1,2024-12-03 01:12:15.861174+00:00,1970-01-01 00:00:00+00:00,2024-12-03 01:12:15.861174+00:00,-3.4789650440216064,66.22.226.18,66.864
265,2024-12-02 18:12:41.225600,264.pcapng,1,2024-12-03 01:12:28.677027+00:00,1970-01-01 00:00:00+00:00,2024-12-03 01:12:28.677027+00:00,5.0,66.22.226.18,65.477
266,2024-12-02 18:12:53.149812,265.pcapng,0,2024-12-03 01:12:41.400399+00:00,1970-01-01 00:00:00+00:00,2024-12-03 01:12:41.400399+00:00,5.0,NO IP TO PING
267,2024-12-02 18:13:05.218283,266.pcapng,0,2024-12-03 01:12:53.335962+00:00,1970-01-01 00:00:00+00:00,2024-12-03 01:12:53.335962+00:00,5.0,NO IP TO PING
268,2024-12-02 18:13:17.354402,267.pcapng,0,2024-12-03 01:13:05.394753+00:00,1970-01-01 00:00:00+00:00,2024-12-03 01:13:05.394753+00:00,5.0,NO IP TO PING
269,2024-12-02 18:13:29.462879,268.pcapng,0,2024-12-03 01:13:17.934912+00:00,1970-01-01 00:00:00+00:00,2024-12-03 01:13:22.127651+00:00,5.0,NO IP TO PING
270,2024-12-02 18:13:41.856889,269.pcapng,0,2024-12-03 01:13:29.644167+00:00,1970-01-01 00:00:00+00:00,2024-12-03 01:13:29.644167+00:00,5.0,NO IP TO PING
271,2024-12-02 18:13:54.192597,270.pcapng,0,2024-12-03 01:13:43.137521+00:00,1970-01-01 00:00:00+00:00,2024-12-03 01:13:43.159949+00:00,5.0,NO IP TO PING
272,2024-12-02 18:14:06.211897,271.pcapng,0,2024-12-03 01:13:54.363649+00:00,1970-01-01 00:00:00+00:00,2024-12-03 01:13:54.375684+00:00,5.0,NO IP TO PING
273,2024-12-02 18:14:19.037520,272.pcapng,1,2024-12-03 01:14:06.382000+00:00,1970-01-01 00:00:00+00:00,2024-12-03 01:14:06.382000+00:00,-3.957051992416382,66.22.226.75,63.302
274,2024-12-02 18:14:31.742254,273.pcapng,2,2024-12-03 01:14:19.226829+00:00,1970-01-01 00:00:00+00:00,2024-12-03 01:14:19.226829+00:00,-2.926769971847534,66.22.227.18,66.034
275,2024-12-02 18:14:44.230759,274.pcapng,1,2024-12-03 01:14:31.975307+00:00,1970-01-01 00:00:00+00:00,2024-12-03 01:14:31.975307+00:00,5.0,66.22.227.18,66.071
276,2024-12-02 18:14:56.207603,275.pcapng,0,2024-12-03 01:14:45.460809+00:00,1970-01-01 00:00:00+00:00,2024-12-03 01:14:45.539237+00:00,5.0,NO IP TO PING
277,2024-12-02 18:15:08.292546,276.pcapng,0,2024-12-03 01:14:56.375020+00:00,1970-01-01 00:00:00+00:00,2024-12-03 01:14:56.375020+00:00,5.0,NO IP TO PING
278,2024-12-02 18:15:20.558432,277.pcapng,0,2024-12-03 01:15:09.555606+00:00,1970-01-01 00:00:00+00:00,2024-12-03 01:15:09.591999+00:00,5.0,NO IP TO PING
279,2024-12-02 18:15:33.470869,278.pcapng,1,2024-12-03 01:15:20.740345+00:00,1970-01-01 00:00:00+00:00,2024-12-03 01:15:20.740345+00:00,-2.557159900665283,66.22.226.36,64.196
280,2024-12-02 18:15:46.220743,279.pcapng,1,2024-12-03 01:15:33.652654+00:00,1970-01-01 00:00:00+00:00,2024-12-03 01:15:33.652654+00:00,5.0,66.22.226.36,62.947
281,2024-12-02 18:15:58.125460,280.pcapng,0,2024-12-03 01:15:46.441652+00:00,1970-01-01 00:00:00+00:00,2024-12-03 01:15:46.441652+00:00,5.0,NO IP TO PING
282,2024-12-02 18:16:10.259926,281.pcapng,0,2024-12-03 01:15:58.301025+00:00,1970-01-01 00:00:00+00:00,2024-12-03 01:15:58.301025+00:00,5.0,NO IP TO PING
283,2024-12-02 18:16:22.711898,282.pcapng,0,2024-12-03 01:16:10.407572+00:00,1970-01-01 00:00:00+00:00,2024-12-03 01:16:10.407572+00:00,5.0,NO IP TO PING
284,2024-12-02 18:16:34.681256,283.pcapng,0,2024-12-03 01:16:22.887324+00:00,1970-01-01 00:00:00+00:00,2024-12-03 01:16:22.894986+00:00,5.0,NO IP TO PING
285,2024-12-02 18:16:46.756525,284.pcapng,0,2024-12-03 01:16:34.856874+00:00,1970-01-01 00:00:00+00:00,2024-12-03 01:16:34.856874+00:00,5.0,NO IP TO PING
286,2024-12-02 18:16:59.084480,285.pcapng,0,2024-12-03 01:16:48.430202+00:00,1970-01-01 00:00:00+00:00,2024-12-03 01:16:48.466392+00:00,5.0,NO IP TO PING
287,2024-12-02 18:17:11.143785,286.pcapng,0,2024-12-03 01:16:59.264727+00:00,1970-01-01 00:00:00+00:00,2024-12-03 01:16:59.264727+00:00,5.0,NO IP TO PING
288,2024-12-02 18:17:23.085630,287.pcapng,0,2024-12-03 01:17:11.300841+00:00,1970-01-01 00:00:00+00:00,2024-12-03 01:17:11.300841+00:00,5.0,NO IP TO PING
289,2024-12-02 18:17:35.950988,288.pcapng,1,2024-12-03 01:17:23.278137+00:00,1970-01-01 00:00:00+00:00,2024-12-03 01:17:23.278137+00:00,-4.576289176940918,66.22.226.67,63.801
290,2024-12-02 18:17:48.732531,289.pcapng,1,2024-12-03 01:17:36.127334+00:00,1970-01-01 00:00:00+00:00,2024-12-03 01:17:36.127334+00:00,5.0,66.22.226.67,65.722
291,2024-12-02 18:18:00.662874,290.pcapng,0,2024-12-03 01:17:48.908288+00:00,1970-01-01 00:00:00+00:00,2024-12-03 01:17:48.908288+00:00,5.0,NO IP TO PING
292,2024-12-02 18:18:12.832917,291.pcapng,0,2024-12-03 01:18:00.839112+00:00,1970-01-01 00:00:00+00:00,2024-12-03 01:18:00.839112+00:00,5.0,NO IP TO PING
293,2024-12-02 18:18:25.718299,292.pcapng,1,2024-12-03 01:18:13.011141+00:00,1970-01-01 00:00:00+00:00,2024-12-03 01:18:13.011141+00:00,-3.3525428771972656,66.22.226.13,67.171
294,2024-12-02 18:18:38.147277,293.pcapng,1,2024-12-03 01:18:25.877285+00:00,1970-01-01 00:00:00+00:00,2024-12-03 01:18:25.877285+00:00,5.0,66.22.226.13,66.535
295,2024-12-02 18:18:50.179573,294.pcapng,0,2024-12-03 01:18:38.318246+00:00,1970-01-01 00:00:00+00:00,2024-12-03 01:18:38.318246+00:00,5.0,NO IP TO PING
296,2024-12-02 18:19:02.050779,295.pcapng,0,2024-12-03 01:18:50.359095+00:00,1970-01-01 00:00:00+00:00,2024-12-03 01:18:50.359095+00:00,5.0,NO IP TO PING
297,2024-12-02 18:19:14.124696,296.pcapng,0,2024-12-03 01:19:02.218308+00:00,1970-01-01 00:00:00+00:00,2024-12-03 01:19:02.218308+00:00,5.0,NO IP TO PING
298,2024-12-02 18:19:26.340507,297.pcapng,0,2024-12-03 01:19:14.297558+00:00,1970-01-01 00:00:00+00:00,2024-12-03 01:19:14.297558+00:00,5.0,NO IP TO PING
299,2024-12-02 18:19:38.783251,298.pcapng,0,2024-12-03 01:19:26.493321+00:00,1970-01-01 00:00:00+00:00,2024-12-03 01:19:26.493321+00:00,5.0,NO IP TO PING
300,2024-12-02 18:19:50.981369,299.pcapng,0,2024-12-03 01:19:38.964113+00:00,1970-01-01 00:00:00+00:00,2024-12-03 01:19:38.964113+00:00,5.0,NO IP TO PING
301,2024-12-02 18:20:03.244772,300.pcapng,0,2024-12-03 01:19:51.166285+00:00,1970-01-01 00:00:00+00:00,2024-12-03 01:19:51.166285+00:00,5.0,NO IP TO PING
302,2024-12-02 18:20:15.232922,301.pcapng,0,2024-12-03 01:20:03.427912+00:00,1970-01-01 00:00:00+00:00,2024-12-03 01:20:03.427912+00:00,5.0,NO IP TO PING
303,2024-12-02 18:20:27.363304,302.pcapng,0,2024-12-03 01:20:15.437920+00:00,1970-01-01 00:00:00+00:00,2024-12-03 01:20:15.437920+00:00,5.0,NO IP TO PING
304,2024-12-02 18:20:40.613817,303.pcapng,1,2024-12-03 01:20:27.976457+00:00,1970-01-01 00:00:00+00:00,2024-12-03 01:20:28.011356+00:00,-2.4105241298675537,66.22.226.56,65.045
305,2024-12-02 18:20:53.221184,304.pcapng,1,2024-12-03 01:20:40.827760+00:00,1970-01-01 00:00:00+00:00,2024-12-03 01:20:40.827760+00:00,5.0,66.22.226.56,64.501
306,2024-12-02 18:21:05.124052,305.pcapng,0,2024-12-03 01:20:53.402586+00:00,1970-01-01 00:00:00+00:00,2024-12-03 01:20:53.402586+00:00,5.0,NO IP TO PING
307,2024-12-02 18:21:17.871853,306.pcapng,1,2024-12-03 01:21:05.314773+00:00,1970-01-01 00:00:00+00:00,2024-12-03 01:21:05.314773+00:00,0.22084903717041016,66.22.226.39,63.195
308,2024-12-02 18:21:30.915496,307.pcapng,2,2024-12-03 01:21:18.038802+00:00,1970-01-01 00:00:00+00:00,2024-12-03 01:21:18.038802+00:00,-2.5973880290985107,66.22.227.46,66.789
309,2024-12-02 18:21:43.372471,308.pcapng,1,2024-12-03 01:21:31.074637+00:00,1970-01-01 00:00:00+00:00,2024-12-03 01:21:31.074637+00:00,5.0,66.22.227.46,65.176
310,2024-12-02 18:21:55.583385,309.pcapng,0,2024-12-03 01:21:43.550891+00:00,1970-01-01 00:00:00+00:00,2024-12-03 01:21:43.550891+00:00,5.0,NO IP TO PING
311,2024-12-02 18:22:08.374958,310.pcapng,1,2024-12-03 01:21:55.775000+00:00,1970-01-01 00:00:00+00:00,2024-12-03 01:21:55.775000+00:00,-4.436409950256348,66.22.226.63,70.299
312,2024-12-02 18:22:21.216039,311.pcapng,2,2024-12-03 01:22:08.543413+00:00,1970-01-01 00:00:00+00:00,2024-12-03 01:22:08.543413+00:00,-3.331768035888672,66.22.226.37,65.099
313,2024-12-02 18:22:33.905916,312.pcapng,2,2024-12-03 01:22:21.425777+00:00,1970-01-01 00:00:00+00:00,2024-12-03 01:22:21.425777+00:00,0.15916991233825684,66.22.227.63,65.48
314,2024-12-02 18:22:46.594224,313.pcapng,2,2024-12-03 01:22:34.079644+00:00,1970-01-01 00:00:00+00:00,2024-12-03 01:22:34.079644+00:00,0.14174413681030273,66.22.226.80,66.615
315,2024-12-02 18:22:59.013655,314.pcapng,1,2024-12-03 01:22:46.763174+00:00,1970-01-01 00:00:00+00:00,2024-12-03 01:22:46.763174+00:00,5.0,66.22.226.80,67.561
316,2024-12-02 18:23:11.335895,315.pcapng,0,2024-12-03 01:22:59.199448+00:00,1970-01-01 00:00:00+00:00,2024-12-03 01:22:59.199448+00:00,5.0,NO IP TO PING
317,2024-12-02 18:23:23.768406,316.pcapng,0,2024-12-03 01:23:11.489632+00:00,1970-01-01 00:00:00+00:00,2024-12-03 01:23:11.489632+00:00,5.0,NO IP TO PING
318,2024-12-02 18:23:36.010341,317.pcapng,0,2024-12-03 01:23:23.920350+00:00,1970-01-01 00:00:00+00:00,2024-12-03 01:23:23.920350+00:00,5.0,NO IP TO PING
319,2024-12-02 18:23:48.324500,318.pcapng,0,2024-12-03 01:23:36.203364+00:00,1970-01-01 00:00:00+00:00,2024-12-03 01:23:36.203364+00:00,5.0,NO IP TO PING
320,2024-12-02 18:24:00.444862,319.pcapng,0,2024-12-03 01:23:48.480102+00:00,1970-01-01 00:00:00+00:00,2024-12-03 01:23:48.480102+00:00,5.0,NO IP TO PING
321,2024-12-02 18:24:12.810359,320.pcapng,0,2024-12-03 01:24:00.640956+00:00,1970-01-01 00:00:00+00:00,2024-12-03 01:24:00.640956+00:00,5.0,NO IP TO PING
322,2024-12-02 18:24:24.901405,321.pcapng,0,2024-12-03 01:24:12.962816+00:00,1970-01-01 00:00:00+00:00,2024-12-03 01:24:12.962816+00:00,5.0,NO IP TO PING
323,2024-12-02 18:24:37.295191,322.pcapng,0,2024-12-03 01:24:25.079582+00:00,1970-01-01 00:00:00+00:00,2024-12-03 01:24:25.079582+00:00,5.0,NO IP TO PING
324,2024-12-02 18:24:49.296663,323.pcapng,0,2024-12-03 01:24:37.461265+00:00,1970-01-01 00:00:00+00:00,2024-12-03 01:24:37.461265+00:00,5.0,NO IP TO PING
325,2024-12-02 18:25:01.565367,324.pcapng,0,2024-12-03 01:24:49.518158+00:00,1970-01-01 00:00:00+00:00,2024-12-03 01:24:49.518158+00:00,5.0,NO IP TO PING
326,2024-12-02 18:25:14.406314,325.pcapng,1,2024-12-03 01:25:01.748061+00:00,1970-01-01 00:00:00+00:00,2024-12-03 01:25:01.748061+00:00,-2.538728952407837,66.22.227.102,65.315
327,2024-12-02 18:25:27.084113,326.pcapng,1,2024-12-03 01:25:14.921577+00:00,1970-01-01 00:00:00+00:00,2024-12-03 01:25:14.921577+00:00,5.0,66.22.227.102,65.913
328,2024-12-02 18:25:39.033984,327.pcapng,0,2024-12-03 01:25:27.262651+00:00,1970-01-01 00:00:00+00:00,2024-12-03 01:25:27.262651+00:00,5.0,NO IP TO PING
329,2024-12-02 18:25:51.182589,328.pcapng,0,2024-12-03 01:25:39.199175+00:00,1970-01-01 00:00:00+00:00,2024-12-03 01:25:39.199175+00:00,5.0,NO IP TO PING
330,2024-12-02 18:26:03.265069,329.pcapng,0,2024-12-03 01:25:51.356241+00:00,1970-01-01 00:00:00+00:00,2024-12-03 01:25:51.356241+00:00,5.0,NO IP TO PING
331,2024-12-02 18:26:15.201440,330.pcapng,0,2024-12-03 01:26:03.418925+00:00,1970-01-01 00:00:00+00:00,2024-12-03 01:26:03.418925+00:00,5.0,NO IP TO PING
332,2024-12-02 18:26:27.385920,331.pcapng,0,2024-12-03 01:26:15.381998+00:00,1970-01-01 00:00:00+00:00,2024-12-03 01:26:15.381998+00:00,5.0,NO IP TO PING
333,2024-12-02 18:26:39.603273,332.pcapng,0,2024-12-03 01:26:27.532442+00:00,1970-01-01 00:00:00+00:00,2024-12-03 01:26:27.532442+00:00,5.0,NO IP TO PING
334,2024-12-02 18:26:52.462047,333.pcapng,1,2024-12-03 01:26:39.790587+00:00,1970-01-01 00:00:00+00:00,2024-12-03 01:26:39.790587+00:00,-4.031368017196655,66.22.226.97,65.138
335,2024-12-02 18:27:05.235330,334.pcapng,1,2024-12-03 01:26:52.668509+00:00,1970-01-01 00:00:00+00:00,2024-12-03 01:26:52.668509+00:00,5.0,66.22.226.97,69.368
336,2024-12-02 18:27:17.172027,335.pcapng,0,2024-12-03 01:27:05.479032+00:00,1970-01-01 00:00:00+00:00,2024-12-03 01:27:05.479032+00:00,5.0,NO IP TO PING
337,2024-12-02 18:27:29.309047,336.pcapng,0,2024-12-03 01:27:17.341509+00:00,1970-01-01 00:00:00+00:00,2024-12-03 01:27:17.341509+00:00,5.0,NO IP TO PING
338,2024-12-02 18:27:41.284093,337.pcapng,0,2024-12-03 01:27:30.092205+00:00,1970-01-01 00:00:00+00:00,2024-12-03 01:27:34.079369+00:00,5.0,NO IP TO PING
339,2024-12-02 18:27:53.424073,338.pcapng,0,2024-12-03 01:27:41.458149+00:00,1970-01-01 00:00:00+00:00,2024-12-03 01:27:41.458149+00:00,5.0,NO IP TO PING
340,2024-12-02 18:28:05.557323,339.pcapng,0,2024-12-03 01:27:54.015386+00:00,1970-01-01 00:00:00+00:00,2024-12-03 01:27:58.181864+00:00,5.0,NO IP TO PING
341,2024-12-02 18:28:17.728211,340.pcapng,0,2024-12-03 01:28:05.776711+00:00,1970-01-01 00:00:00+00:00,2024-12-03 01:28:05.776711+00:00,5.0,NO IP TO PING
342,2024-12-02 18:28:29.680979,341.pcapng,0,2024-12-03 01:28:21.475280+00:00,1970-01-01 00:00:00+00:00,2024-12-03 01:28:22.508451+00:00,5.0,NO IP TO PING
343,2024-12-02 18:28:41.724164,342.pcapng,0,2024-12-03 01:28:29.858259+00:00,1970-01-01 00:00:00+00:00,2024-12-03 01:28:29.858259+00:00,5.0,NO IP TO PING
344,2024-12-02 18:28:53.847260,343.pcapng,0,2024-12-03 01:28:41.898282+00:00,1970-01-01 00:00:00+00:00,2024-12-03 01:28:41.898282+00:00,5.0,NO IP TO PING
345,2024-12-02 18:29:06.265869,344.pcapng,0,2024-12-03 01:28:54.544551+00:00,1970-01-01 00:00:00+00:00,2024-12-03 01:28:54.561593+00:00,5.0,NO IP TO PING
346,2024-12-02 18:29:18.411597,345.pcapng,0,2024-12-03 01:29:06.413077+00:00,1970-01-01 00:00:00+00:00,2024-12-03 01:29:06.413077+00:00,5.0,NO IP TO PING
347,2024-12-02 18:29:30.792596,346.pcapng,0,2024-12-03 01:29:18.560261+00:00,1970-01-01 00:00:00+00:00,2024-12-03 01:29:18.560261+00:00,5.0,NO IP TO PING
348,2024-12-02 18:29:43.744107,347.pcapng,1,2024-12-03 01:29:30.983904+00:00,1970-01-01 00:00:00+00:00,2024-12-03 01:29:30.983904+00:00,-2.31325101852417,66.22.227.48,64.089
349,2024-12-02 18:29:56.269107,348.pcapng,1,2024-12-03 01:29:43.931151+00:00,1970-01-01 00:00:00+00:00,2024-12-03 01:29:43.931151+00:00,5.0,66.22.227.48,64.267
350,2024-12-02 18:30:08.194664,349.pcapng,0,2024-12-03 01:29:56.470903+00:00,1970-01-01 00:00:00+00:00,2024-12-03 01:29:56.470903+00:00,5.0,NO IP TO PING
351,2024-12-02 18:30:20.308561,350.pcapng,0,2024-12-03 01:30:08.416922+00:00,1970-01-01 00:00:00+00:00,2024-12-03 01:30:08.416922+00:00,5.0,NO IP TO PING
352,2024-12-02 18:30:33.335824,351.pcapng,1,2024-12-03 01:30:20.460647+00:00,1970-01-01 00:00:00+00:00,2024-12-03 01:30:20.460647+00:00,-4.230238914489746,66.22.227.92,67.772
353,2024-12-02 18:30:45.932475,352.pcapng,1,2024-12-03 01:30:33.504916+00:00,1970-01-01 00:00:00+00:00,2024-12-03 01:30:33.504916+00:00,5.0,66.22.227.92,70.107
354,2024-12-02 18:30:58.200373,353.pcapng,0,2024-12-03 01:30:46.115755+00:00,1970-01-01 00:00:00+00:00,2024-12-03 01:30:46.115755+00:00,5.0,NO IP TO PING
355,2024-12-02 18:31:10.289460,354.pcapng,0,2024-12-03 01:30:58.353165+00:00,1970-01-01 00:00:00+00:00,2024-12-03 01:30:58.353165+00:00,5.0,NO IP TO PING
356,2024-12-02 18:31:22.761057,355.pcapng,0,2024-12-03 01:31:10.434889+00:00,1970-01-01 00:00:00+00:00,2024-12-03 01:31:10.442157+00:00,5.0,NO IP TO PING
357,2024-12-02 18:31:34.752572,356.pcapng,0,2024-12-03 01:31:22.916931+00:00,1970-01-01 00:00:00+00:00,2024-12-03 01:31:22.916931+00:00,5.0,NO IP TO PING
358,2024-12-02 18:31:47.038195,357.pcapng,0,2024-12-03 01:31:34.931147+00:00,1970-01-01 00:00:00+00:00,2024-12-03 01:31:34.931147+00:00,5.0,NO IP TO PING
359,2024-12-02 18:31:59.007774,358.pcapng,0,2024-12-03 01:31:47.211147+00:00,1970-01-01 00:00:00+00:00,2024-12-03 01:31:47.211147+00:00,5.0,NO IP TO PING
360,2024-12-02 18:32:11.399741,359.pcapng,0,2024-12-03 01:31:59.175930+00:00,1970-01-01 00:00:00+00:00,2024-12-03 01:31:59.175930+00:00,5.0,NO IP TO PING
361,2024-12-02 18:32:23.552032,360.pcapng,0,2024-12-03 01:32:11.583055+00:00,1970-01-01 00:00:00+00:00,2024-12-03 01:32:11.588199+00:00,5.0,NO IP TO PING
362,2024-12-02 18:32:35.598779,361.pcapng,0,2024-12-03 01:32:23.744275+00:00,1970-01-01 00:00:00+00:00,2024-12-03 01:32:23.744275+00:00,5.0,NO IP TO PING
363,2024-12-02 18:32:47.555091,362.pcapng,0,2024-12-03 01:32:39.861438+00:00,1970-01-01 00:00:00+00:00,2024-12-03 01:32:40.084500+00:00,5.0,NO IP TO PING
364,2024-12-02 18:32:59.445431,363.pcapng,0,2024-12-03 01:32:47.746097+00:00,1970-01-01 00:00:00+00:00,2024-12-03 01:32:47.746097+00:00,5.0,NO IP TO PING
365,2024-12-02 18:33:11.805043,364.pcapng,0,2024-12-03 01:32:59.602403+00:00,1970-01-01 00:00:00+00:00,2024-12-03 01:32:59.602403+00:00,5.0,NO IP TO PING
366,2024-12-02 18:33:23.860393,365.pcapng,0,2024-12-03 01:33:11.952347+00:00,1970-01-01 00:00:00+00:00,2024-12-03 01:33:11.952347+00:00,5.0,NO IP TO PING
367,2024-12-02 18:33:36.216349,366.pcapng,0,2024-12-03 01:33:24.043420+00:00,1970-01-01 00:00:00+00:00,2024-12-03 01:33:24.043420+00:00,5.0,NO IP TO PING
368,2024-12-02 18:33:48.271008,367.pcapng,0,2024-12-03 01:33:36.422013+00:00,1970-01-01 00:00:00+00:00,2024-12-03 01:33:36.422013+00:00,5.0,NO IP TO PING
369,2024-12-02 18:34:00.216354,368.pcapng,0,2024-12-03 01:33:52.543204+00:00,1970-01-01 00:00:00+00:00,2024-12-03 01:33:52.978566+00:00,5.0,NO IP TO PING
370,2024-12-02 18:34:13.123095,369.pcapng,1,2024-12-03 01:34:00.416869+00:00,1970-01-01 00:00:00+00:00,2024-12-03 01:34:00.416869+00:00,-2.9893898963928223,66.22.227.112,63.214
371,2024-12-02 18:34:25.667895,370.pcapng,1,2024-12-03 01:34:13.297957+00:00,1970-01-01 00:00:00+00:00,2024-12-03 01:34:13.297957+00:00,5.0,66.22.227.112,63.853
372,2024-12-02 18:34:37.728292,371.pcapng,0,2024-12-03 01:34:25.860501+00:00,1970-01-01 00:00:00+00:00,2024-12-03 01:34:25.860501+00:00,5.0,NO IP TO PING
373,2024-12-02 18:34:49.850908,372.pcapng,0,2024-12-03 01:34:37.929357+00:00,1970-01-01 00:00:00+00:00,2024-12-03 01:34:37.929357+00:00,5.0,NO IP TO PING
374,2024-12-02 18:35:02.274553,373.pcapng,0,2024-12-03 01:34:51.201941+00:00,1970-01-01 00:00:00+00:00,2024-12-03 01:34:51.240660+00:00,5.0,NO IP TO PING
375,2024-12-02 18:35:14.451891,374.pcapng,0,2024-12-03 01:35:02.448559+00:00,1970-01-01 00:00:00+00:00,2024-12-03 01:35:02.448559+00:00,5.0,NO IP TO PING
376,2024-12-02 18:35:26.552113,375.pcapng,0,2024-12-03 01:35:14.630809+00:00,1970-01-01 00:00:00+00:00,2024-12-03 01:35:14.630809+00:00,5.0,NO IP TO PING
377,2024-12-02 18:35:38.575826,376.pcapng,0,2024-12-03 01:35:26.723086+00:00,1970-01-01 00:00:00+00:00,2024-12-03 01:35:26.723086+00:00,5.0,NO IP TO PING
378,2024-12-02 18:35:50.743961,377.pcapng,0,2024-12-03 01:35:38.760451+00:00,1970-01-01 00:00:00+00:00,2024-12-03 01:35:38.760451+00:00,5.0,NO IP TO PING
379,2024-12-02 18:36:02.702104,378.pcapng,0,2024-12-03 01:35:50.936612+00:00,1970-01-01 00:00:00+00:00,2024-12-03 01:35:50.936612+00:00,5.0,NO IP TO PING
380,2024-12-02 18:36:14.768472,379.pcapng,0,2024-12-03 01:36:02.877672+00:00,1970-01-01 00:00:00+00:00,2024-12-03 01:36:02.877672+00:00,5.0,NO IP TO PING
381,2024-12-02 18:36:26.907938,380.pcapng,0,2024-12-03 01:36:15.782915+00:00,1970-01-01 00:00:00+00:00,2024-12-03 01:36:15.820976+00:00,5.0,NO IP TO PING
382,2024-12-02 18:36:40.104637,381.pcapng,1,2024-12-03 01:36:27.055114+00:00,1970-01-01 00:00:00+00:00,2024-12-03 01:36:27.055114+00:00,-3.559631824493408,66.22.227.13,66.396
383,2024-12-02 18:36:52.675999,382.pcapng,1,2024-12-03 01:36:40.274355+00:00,1970-01-01 00:00:00+00:00,2024-12-03 01:36:40.274355+00:00,5.0,66.22.227.13,63.008
384,2024-12-02 18:37:05.397566,383.pcapng,1,2024-12-03 01:36:52.835188+00:00,1970-01-01 00:00:00+00:00,2024-12-03 01:36:52.850145+00:00,0.19421100616455078,66.22.226.48,66.132
385,2024-12-02 18:37:18.254210,384.pcapng,2,2024-12-03 01:37:05.585928+00:00,1970-01-01 00:00:00+00:00,2024-12-03 01:37:05.585928+00:00,-2.592226028442383,66.22.226.24,69.074
386,2024-12-02 18:37:30.729363,385.pcapng,1,2024-12-03 01:37:18.503282+00:00,1970-01-01 00:00:00+00:00,2024-12-03 01:37:18.503282+00:00,5.0,66.22.226.24,67.443
387,2024-12-02 18:37:42.641948,386.pcapng,0,2024-12-03 01:37:30.900438+00:00,1970-01-01 00:00:00+00:00,2024-12-03 01:37:30.900438+00:00,5.0,NO IP TO PING
388,2024-12-02 18:37:54.726127,387.pcapng,0,2024-12-03 01:37:42.821852+00:00,1970-01-01 00:00:00+00:00,2024-12-03 01:37:42.821852+00:00,5.0,NO IP TO PING
389,2024-12-02 18:38:06.842085,388.pcapng,0,2024-12-03 01:37:54.911415+00:00,1970-01-01 00:00:00+00:00,2024-12-03 01:37:54.911415+00:00,5.0,NO IP TO PING
390,2024-12-02 18:38:19.200291,389.pcapng,0,2024-12-03 01:38:06.997478+00:00,1970-01-01 00:00:00+00:00,2024-12-03 01:38:06.997478+00:00,5.0,NO IP TO PING
391,2024-12-02 18:38:31.210562,390.pcapng,0,2024-12-03 01:38:19.384271+00:00,1970-01-01 00:00:00+00:00,2024-12-03 01:38:19.410229+00:00,5.0,NO IP TO PING
392,2024-12-02 18:38:43.288939,391.pcapng,0,2024-12-03 01:38:31.381482+00:00,1970-01-01 00:00:00+00:00,2024-12-03 01:38:31.381482+00:00,5.0,NO IP TO PING
393,2024-12-02 18:38:55.504474,392.pcapng,0,2024-12-03 01:38:44.185044+00:00,1970-01-01 00:00:00+00:00,2024-12-03 01:38:45.190782+00:00,5.0,NO IP TO PING
394,2024-12-02 18:39:07.943646,393.pcapng,0,2024-12-03 01:38:56.964694+00:00,1970-01-01 00:00:00+00:00,2024-12-03 01:38:56.992602+00:00,5.0,NO IP TO PING
395,2024-12-02 18:39:20.050060,394.pcapng,0,2024-12-03 01:39:08.114129+00:00,1970-01-01 00:00:00+00:00,2024-12-03 01:39:08.114129+00:00,5.0,NO IP TO PING
396,2024-12-02 18:39:32.046901,395.pcapng,0,2024-12-03 01:39:20.223529+00:00,1970-01-01 00:00:00+00:00,2024-12-03 01:39:20.223529+00:00,5.0,NO IP TO PING
397,2024-12-02 18:39:43.987232,396.pcapng,0,2024-12-03 01:39:32.228639+00:00,1970-01-01 00:00:00+00:00,2024-12-03 01:39:32.228639+00:00,5.0,NO IP TO PING
398,2024-12-02 18:39:56.264936,397.pcapng,0,2024-12-03 01:39:44.500384+00:00,1970-01-01 00:00:00+00:00,2024-12-03 01:39:44.533003+00:00,5.0,NO IP TO PING
399,2024-12-02 18:40:08.400999,398.pcapng,0,2024-12-03 01:39:56.411040+00:00,1970-01-01 00:00:00+00:00,2024-12-03 01:39:56.411040+00:00,5.0,NO IP TO PING
400,2024-12-02 18:40:20.771681,399.pcapng,0,2024-12-03 01:40:08.852582+00:00,1970-01-01 00:00:00+00:00,2024-12-03 01:40:08.883720+00:00,5.0,NO IP TO PING
