1,2024-12-02 14:04:03.267376,0.pcapng,1,2024-12-02 21:03:51.374548+00:00,1970-01-01 00:00:00+00:00,2024-12-02 21:03:51.374548+00:00,0.27376890182495117,66.22.226.31
2,2024-12-02 14:04:15.476205,1.pcapng,2,2024-12-02 21:04:03.454080+00:00,1970-01-01 00:00:00+00:00,2024-12-02 21:04:03.454080+00:00,0.14960098266601562,66.22.227.88
3,2024-12-02 14:04:27.928057,2.pcapng,2,2024-12-02 21:04:15.684092+00:00,1970-01-01 00:00:00+00:00,2024-12-02 21:04:15.684092+00:00,0.15871214866638184,66.22.226.66
4,2024-12-02 14:04:40.369362,3.pcapng,2,2024-12-02 21:04:28.092203+00:00,1970-01-01 00:00:00+00:00,2024-12-02 21:04:28.092203+00:00,0.13227581977844238,66.22.227.24
5,2024-12-02 14:04:52.691709,4.pcapng,2,2024-12-02 21:04:40.558221+00:00,1970-01-01 00:00:00+00:00,2024-12-02 21:04:40.558221+00:00,0.16675186157226562,66.22.226.128
6,2024-12-02 14:05:04.869076,5.pcapng,1,2024-12-02 21:04:52.902566+00:00,1970-01-01 00:00:00+00:00,2024-12-02 21:04:52.902566+00:00,5.0,66.22.226.128
7,2024-12-02 14:05:17.208382,6.pcapng,1,2024-12-02 21:05:05.073138+00:00,1970-01-01 00:00:00+00:00,2024-12-02 21:05:05.073138+00:00,0.1367950439453125,66.22.226.49
8,2024-12-02 14:05:29.388815,7.pcapng,2,2024-12-02 21:05:17.411354+00:00,1970-01-01 00:00:00+00:00,2024-12-02 21:05:17.411354+00:00,0.20352983474731445,66.22.226.101
9,2024-12-02 14:05:41.707594,8.pcapng,2,2024-12-02 21:05:29.560961+00:00,1970-01-01 00:00:00+00:00,2024-12-02 21:05:29.560961+00:00,0.13399505615234375,66.22.226.9
10,2024-12-02 14:05:53.903464,9.pcapng,2,2024-12-02 21:05:41.999481+00:00,1970-01-01 00:00:00+00:00,2024-12-02 21:05:41.999481+00:00,0.17852306365966797,66.22.226.34
11,2024-12-02 14:06:06.282384,10.pcapng,2,2024-12-02 21:05:54.119442+00:00,1970-01-01 00:00:00+00:00,2024-12-02 21:05:54.119442+00:00,0.14853692054748535,66.22.227.23
12,2024-12-02 14:06:18.465107,11.pcapng,2,2024-12-02 21:06:06.484158+00:00,1970-01-01 00:00:00+00:00,2024-12-02 21:06:06.484158+00:00,0.13108205795288086,66.22.227.112
13,2024-12-02 14:06:30.813209,12.pcapng,1,2024-12-02 21:06:18.657075+00:00,1970-01-01 00:00:00+00:00,2024-12-02 21:06:18.657075+00:00,5.0,66.22.227.112
14,2024-12-02 14:06:43.045220,13.pcapng,1,2024-12-02 21:06:30.997025+00:00,1970-01-01 00:00:00+00:00,2024-12-02 21:06:30.997025+00:00,0.16434097290039062,66.22.226.38
15,2024-12-02 14:06:55.200893,14.pcapng,2,2024-12-02 21:06:43.262586+00:00,1970-01-01 00:00:00+00:00,2024-12-02 21:06:43.262586+00:00,0.1507580280303955,66.22.226.29
16,2024-12-02 14:07:07.459907,15.pcapng,2,2024-12-02 21:06:55.386103+00:00,1970-01-01 00:00:00+00:00,2024-12-02 21:06:55.386103+00:00,0.12612295150756836,66.22.227.102
17,2024-12-02 14:07:19.918845,16.pcapng,2,2024-12-02 21:07:07.661750+00:00,1970-01-01 00:00:00+00:00,2024-12-02 21:07:07.661750+00:00,0.13920378684997559,66.22.226.42
18,2024-12-02 14:07:32.267338,17.pcapng,2,2024-12-02 21:07:20.567996+00:00,1970-01-01 00:00:00+00:00,2024-12-02 21:07:20.567996+00:00,0.14990901947021484,66.22.226.65
19,2024-12-02 14:07:44.372277,18.pcapng,1,2024-12-02 21:07:32.454790+00:00,1970-01-01 00:00:00+00:00,2024-12-02 21:07:32.454790+00:00,5.0,66.22.226.65
20,2024-12-02 14:07:56.702110,19.pcapng,1,2024-12-02 21:07:44.540928+00:00,1970-01-01 00:00:00+00:00,2024-12-02 21:07:44.540928+00:00,0.12608814239501953,66.22.226.40
21,2024-12-02 14:08:08.873911,20.pcapng,2,2024-12-02 21:07:56.892812+00:00,1970-01-01 00:00:00+00:00,2024-12-02 21:07:56.892812+00:00,0.1392519474029541,66.22.226.25
22,2024-12-02 14:08:21.218782,21.pcapng,2,2024-12-02 21:08:09.063825+00:00,1970-01-01 00:00:00+00:00,2024-12-02 21:08:09.063825+00:00,0.12999296188354492,66.22.226.109
23,2024-12-02 14:08:33.447458,22.pcapng,2,2024-12-02 21:08:21.408722+00:00,1970-01-01 00:00:00+00:00,2024-12-02 21:08:21.408722+00:00,0.13733792304992676,66.22.227.24
24,2024-12-02 14:08:45.889484,23.pcapng,2,2024-12-02 21:08:33.636541+00:00,1970-01-01 00:00:00+00:00,2024-12-02 21:08:33.636541+00:00,0.13366103172302246,66.22.226.105
25,2024-12-02 14:08:58.257887,24.pcapng,2,2024-12-02 21:08:46.068975+00:00,1970-01-01 00:00:00+00:00,2024-12-02 21:08:46.068975+00:00,0.19446921348571777,66.22.226.103
26,2024-12-02 14:09:10.445128,25.pcapng,2,2024-12-02 21:08:58.470067+00:00,1970-01-01 00:00:00+00:00,2024-12-02 21:08:58.470067+00:00,0.12892603874206543,66.22.227.20
27,2024-12-02 14:09:22.859543,26.pcapng,2,2024-12-02 21:09:10.634121+00:00,1970-01-01 00:00:00+00:00,2024-12-02 21:09:10.634121+00:00,0.14779901504516602,66.22.227.57
28,2024-12-02 14:09:35.081892,27.pcapng,2,2024-12-02 21:09:23.795128+00:00,1970-01-01 00:00:00+00:00,2024-12-02 21:09:23.795128+00:00,0.11675810813903809,66.22.227.101
29,2024-12-02 14:09:47.268664,28.pcapng,2,2024-12-02 21:09:35.235112+00:00,1970-01-01 00:00:00+00:00,2024-12-02 21:09:35.235112+00:00,0.16243410110473633,66.22.226.66
30,2024-12-02 14:09:59.586734,29.pcapng,2,2024-12-02 21:09:47.424708+00:00,1970-01-01 00:00:00+00:00,2024-12-02 21:09:47.424708+00:00,0.21898484230041504,66.22.227.18
31,2024-12-02 14:10:11.783451,30.pcapng,2,2024-12-02 21:09:59.779311+00:00,1970-01-01 00:00:00+00:00,2024-12-02 21:09:59.779311+00:00,0.19327807426452637,66.22.227.33
32,2024-12-02 14:10:24.011243,31.pcapng,2,2024-12-02 21:10:11.938831+00:00,1970-01-01 00:00:00+00:00,2024-12-02 21:10:11.938831+00:00,0.21543216705322266,66.22.226.45
33,2024-12-02 14:10:36.229467,32.pcapng,2,2024-12-02 21:10:24.223953+00:00,1970-01-01 00:00:00+00:00,2024-12-02 21:10:24.223953+00:00,0.13107800483703613,66.22.226.111
34,2024-12-02 14:10:48.435282,33.pcapng,2,2024-12-02 21:10:36.411530+00:00,1970-01-01 00:00:00+00:00,2024-12-02 21:10:36.411530+00:00,0.179718017578125,66.22.226.54
35,2024-12-02 14:11:00.781370,34.pcapng,2,2024-12-02 21:10:48.588095+00:00,1970-01-01 00:00:00+00:00,2024-12-02 21:10:48.588095+00:00,0.15954089164733887,66.22.226.42
36,2024-12-02 14:11:12.924540,35.pcapng,2,2024-12-02 21:11:00.982817+00:00,1970-01-01 00:00:00+00:00,2024-12-02 21:11:00.982817+00:00,0.18110394477844238,66.22.227.102
37,2024-12-02 14:11:25.224297,36.pcapng,2,2024-12-02 21:11:13.124704+00:00,1970-01-01 00:00:00+00:00,2024-12-02 21:11:13.124704+00:00,0.1721811294555664,66.22.227.121
38,2024-12-02 14:11:37.391546,37.pcapng,2,2024-12-02 21:11:25.407379+00:00,1970-01-01 00:00:00+00:00,2024-12-02 21:11:25.407379+00:00,0.15854597091674805,66.22.227.100
39,2024-12-02 14:11:49.656755,38.pcapng,2,2024-12-02 21:11:37.567661+00:00,1970-01-01 00:00:00+00:00,2024-12-02 21:11:37.567661+00:00,0.1347949504852295,66.22.227.112
40,2024-12-02 14:12:01.837222,39.pcapng,2,2024-12-02 21:11:49.871148+00:00,1970-01-01 00:00:00+00:00,2024-12-02 21:11:49.871148+00:00,0.19051694869995117,66.22.226.128
41,2024-12-02 14:12:14.181572,40.pcapng,2,2024-12-02 21:12:02.015104+00:00,1970-01-01 00:00:00+00:00,2024-12-02 21:12:02.015104+00:00,0.13875389099121094,66.22.227.87
42,2024-12-02 14:12:26.411427,41.pcapng,2,2024-12-02 21:12:14.361840+00:00,1970-01-01 00:00:00+00:00,2024-12-02 21:12:14.361840+00:00,0.1510930061340332,66.22.226.52
43,2024-12-02 14:12:38.826329,42.pcapng,2,2024-12-02 21:12:26.679118+00:00,1970-01-01 00:00:00+00:00,2024-12-02 21:12:26.679118+00:00,0.14585304260253906,66.22.226.103
44,2024-12-02 14:12:51.125882,43.pcapng,2,2024-12-02 21:12:39.008528+00:00,1970-01-01 00:00:00+00:00,2024-12-02 21:12:39.008528+00:00,0.1741161346435547,66.22.226.58
45,2024-12-02 14:13:03.331952,44.pcapng,2,2024-12-02 21:12:51.467541+00:00,1970-01-01 00:00:00+00:00,2024-12-02 21:12:51.467541+00:00,0.19502615928649902,66.22.226.52
46,2024-12-02 14:13:15.468575,45.pcapng,2,2024-12-02 21:13:03.521764+00:00,1970-01-01 00:00:00+00:00,2024-12-02 21:13:03.521764+00:00,0.16795682907104492,66.22.227.24
47,2024-12-02 14:13:27.927464,46.pcapng,2,2024-12-02 21:13:15.674833+00:00,1970-01-01 00:00:00+00:00,2024-12-02 21:13:15.674833+00:00,0.12144613265991211,66.22.226.66
48,2024-12-02 14:13:40.282998,47.pcapng,2,2024-12-02 21:13:28.089144+00:00,1970-01-01 00:00:00+00:00,2024-12-02 21:13:28.089144+00:00,0.12244486808776855,66.22.226.65
49,2024-12-02 14:13:52.414252,48.pcapng,2,2024-12-02 21:13:40.492519+00:00,1970-01-01 00:00:00+00:00,2024-12-02 21:13:40.492519+00:00,0.1437058448791504,66.22.227.101
50,2024-12-02 14:14:04.906883,49.pcapng,2,2024-12-02 21:13:52.624495+00:00,1970-01-01 00:00:00+00:00,2024-12-02 21:13:52.624495+00:00,0.16395306587219238,66.22.227.103
51,2024-12-02 14:14:17.370705,50.pcapng,2,2024-12-02 21:14:05.088637+00:00,1970-01-01 00:00:00+00:00,2024-12-02 21:14:05.088637+00:00,0.1501929759979248,66.22.227.28
52,2024-12-02 14:14:29.741588,51.pcapng,2,2024-12-02 21:14:17.549859+00:00,1970-01-01 00:00:00+00:00,2024-12-02 21:14:17.549859+00:00,0.12549090385437012,66.22.227.62
53,2024-12-02 14:14:41.969509,52.pcapng,2,2024-12-02 21:14:29.959749+00:00,1970-01-01 00:00:00+00:00,2024-12-02 21:14:29.959749+00:00,0.2101130485534668,66.22.226.63
54,2024-12-02 14:14:54.415515,53.pcapng,2,2024-12-02 21:14:42.128809+00:00,1970-01-01 00:00:00+00:00,2024-12-02 21:14:42.128809+00:00,0.1358809471130371,66.22.226.38
55,2024-12-02 14:15:06.673560,54.pcapng,1,2024-12-02 21:14:54.620262+00:00,1970-01-01 00:00:00+00:00,2024-12-02 21:14:54.620262+00:00,5.0,66.22.226.38
56,2024-12-02 14:15:18.872018,55.pcapng,1,2024-12-02 21:15:06.864177+00:00,1970-01-01 00:00:00+00:00,2024-12-02 21:15:06.864177+00:00,0.2105410099029541,66.22.227.115
57,2024-12-02 14:15:31.223231,56.pcapng,2,2024-12-02 21:15:19.093374+00:00,1970-01-01 00:00:00+00:00,2024-12-02 21:15:19.093374+00:00,0.13782310485839844,66.22.227.11
58,2024-12-02 14:15:43.389496,57.pcapng,2,2024-12-02 21:15:31.401887+00:00,1970-01-01 00:00:00+00:00,2024-12-02 21:15:31.401887+00:00,0.21712303161621094,66.22.227.98
59,2024-12-02 14:15:55.733528,58.pcapng,2,2024-12-02 21:15:43.560873+00:00,1970-01-01 00:00:00+00:00,2024-12-02 21:15:43.560873+00:00,0.1300981044769287,66.22.226.101
60,2024-12-02 14:16:07.940987,59.pcapng,2,2024-12-02 21:15:56.013092+00:00,1970-01-01 00:00:00+00:00,2024-12-02 21:15:56.013092+00:00,0.1769559383392334,66.22.226.106
61,2024-12-02 14:16:20.395905,60.pcapng,2,2024-12-02 21:16:08.106762+00:00,1970-01-01 00:00:00+00:00,2024-12-02 21:16:08.106762+00:00,0.1303260326385498,66.22.226.9
62,2024-12-02 14:16:32.867548,61.pcapng,2,2024-12-02 21:16:20.610450+00:00,1970-01-01 00:00:00+00:00,2024-12-02 21:16:20.610450+00:00,0.15691900253295898,66.22.226.74
63,2024-12-02 14:16:45.186566,62.pcapng,2,2024-12-02 21:16:33.031730+00:00,1970-01-01 00:00:00+00:00,2024-12-02 21:16:33.031730+00:00,0.13084197044372559,66.22.227.22
64,2024-12-02 14:16:57.409077,63.pcapng,2,2024-12-02 21:16:45.477211+00:00,1970-01-01 00:00:00+00:00,2024-12-02 21:16:45.477211+00:00,0.17836403846740723,66.22.227.110
65,2024-12-02 14:17:09.667160,64.pcapng,1,2024-12-02 21:16:57.583574+00:00,1970-01-01 00:00:00+00:00,2024-12-02 21:16:57.583574+00:00,5.0,66.22.227.110
66,2024-12-02 14:17:21.846440,65.pcapng,1,2024-12-02 21:17:09.852122+00:00,1970-01-01 00:00:00+00:00,2024-12-02 21:17:09.852122+00:00,0.12624096870422363,66.22.227.111
67,2024-12-02 14:17:34.126742,66.pcapng,2,2024-12-02 21:17:22.015580+00:00,1970-01-01 00:00:00+00:00,2024-12-02 21:17:22.015580+00:00,0.12466907501220703,66.22.227.25
68,2024-12-02 14:17:46.381922,67.pcapng,2,2024-12-02 21:17:34.449261+00:00,1970-01-01 00:00:00+00:00,2024-12-02 21:17:34.449261+00:00,0.18514394760131836,66.22.227.122
69,2024-12-02 14:17:58.710007,68.pcapng,2,2024-12-02 21:17:46.674193+00:00,1970-01-01 00:00:00+00:00,2024-12-02 21:17:46.674193+00:00,0.2612769603729248,66.22.227.121
70,2024-12-02 14:18:10.921444,69.pcapng,2,2024-12-02 21:17:58.895587+00:00,1970-01-01 00:00:00+00:00,2024-12-02 21:17:58.895587+00:00,0.1434459686279297,66.22.226.105
71,2024-12-02 14:18:23.365088,70.pcapng,2,2024-12-02 21:18:11.138845+00:00,1970-01-01 00:00:00+00:00,2024-12-02 21:18:11.138845+00:00,0.13198399543762207,66.22.226.42
72,2024-12-02 14:18:35.657885,71.pcapng,2,2024-12-02 21:18:23.543626+00:00,1970-01-01 00:00:00+00:00,2024-12-02 21:18:23.543626+00:00,0.15118718147277832,66.22.227.35
73,2024-12-02 14:18:47.861156,72.pcapng,1,2024-12-02 21:18:35.886218+00:00,1970-01-01 00:00:00+00:00,2024-12-02 21:18:35.886218+00:00,5.0,66.22.227.35
74,2024-12-02 14:19:00.197391,73.pcapng,1,2024-12-02 21:18:48.043895+00:00,1970-01-01 00:00:00+00:00,2024-12-02 21:18:48.043895+00:00,0.14205288887023926,66.22.226.71
75,2024-12-02 14:19:12.365136,74.pcapng,2,2024-12-02 21:19:00.391605+00:00,1970-01-01 00:00:00+00:00,2024-12-02 21:19:00.391605+00:00,0.1608588695526123,66.22.227.111
76,2024-12-02 14:19:24.538249,75.pcapng,1,2024-12-02 21:19:12.561034+00:00,1970-01-01 00:00:00+00:00,2024-12-02 21:19:12.561034+00:00,5.0,66.22.227.111
77,2024-12-02 14:19:36.749920,76.pcapng,1,2024-12-02 21:19:24.725116+00:00,1970-01-01 00:00:00+00:00,2024-12-02 21:19:24.725116+00:00,0.14549994468688965,66.22.226.105
78,2024-12-02 14:19:48.926509,77.pcapng,2,2024-12-02 21:19:36.919966+00:00,1970-01-01 00:00:00+00:00,2024-12-02 21:19:36.919966+00:00,0.13541293144226074,66.22.226.106
79,2024-12-02 14:20:01.350418,78.pcapng,2,2024-12-02 21:19:49.104384+00:00,1970-01-01 00:00:00+00:00,2024-12-02 21:19:49.104384+00:00,0.13917112350463867,66.22.227.96
80,2024-12-02 14:20:13.688429,79.pcapng,2,2024-12-02 21:20:01.528498+00:00,1970-01-01 00:00:00+00:00,2024-12-02 21:20:01.528498+00:00,0.17385101318359375,66.22.227.61
81,2024-12-02 14:20:25.915007,80.pcapng,2,2024-12-02 21:20:13.899776+00:00,1970-01-01 00:00:00+00:00,2024-12-02 21:20:13.899776+00:00,0.2556190490722656,66.22.226.68
82,2024-12-02 14:20:38.206671,81.pcapng,2,2024-12-02 21:20:26.158051+00:00,1970-01-01 00:00:00+00:00,2024-12-02 21:20:26.158051+00:00,0.22793197631835938,66.22.227.100
83,2024-12-02 14:20:50.466577,82.pcapng,1,2024-12-02 21:20:38.397427+00:00,1970-01-01 00:00:00+00:00,2024-12-02 21:20:38.397427+00:00,0.1707441806793213,66.22.227.100
84,2024-12-02 14:21:02.866564,83.pcapng,2,2024-12-02 21:20:50.744330+00:00,1970-01-01 00:00:00+00:00,2024-12-02 21:20:50.744330+00:00,0.15479111671447754,66.22.227.22
85,2024-12-02 14:21:15.147027,84.pcapng,2,2024-12-02 21:21:03.031892+00:00,1970-01-01 00:00:00+00:00,2024-12-02 21:21:03.031892+00:00,0.14928698539733887,66.22.226.48
86,2024-12-02 14:21:27.374054,85.pcapng,2,2024-12-02 21:21:15.301707+00:00,1970-01-01 00:00:00+00:00,2024-12-02 21:21:15.301707+00:00,0.19210505485534668,66.22.226.14
87,2024-12-02 14:21:39.691321,86.pcapng,1,2024-12-02 21:21:27.534004+00:00,1970-01-01 00:00:00+00:00,2024-12-02 21:21:27.534004+00:00,5.0,66.22.226.14
88,2024-12-02 14:21:51.618345,87.pcapng,0,2024-12-02 21:21:39.873432+00:00,1970-01-01 00:00:00+00:00,2024-12-02 21:21:39.873432+00:00,5.0
89,2024-12-02 14:22:03.800355,88.pcapng,1,2024-12-02 21:21:51.815881+00:00,1970-01-01 00:00:00+00:00,2024-12-02 21:21:51.815881+00:00,0.18108296394348145,66.22.226.78
90,2024-12-02 14:22:15.954884,89.pcapng,2,2024-12-02 21:22:03.965008+00:00,1970-01-01 00:00:00+00:00,2024-12-02 21:22:03.965008+00:00,0.1521599292755127,66.22.227.100
91,2024-12-02 14:22:28.458977,90.pcapng,2,2024-12-02 21:22:16.115242+00:00,1970-01-01 00:00:00+00:00,2024-12-02 21:22:16.115242+00:00,0.1379251480102539,66.22.226.30
92,2024-12-02 14:22:40.978911,91.pcapng,2,2024-12-02 21:22:28.638386+00:00,1970-01-01 00:00:00+00:00,2024-12-02 21:22:28.638386+00:00,0.1550760269165039,66.22.226.50
93,2024-12-02 14:22:53.381133,92.pcapng,2,2024-12-02 21:22:41.140025+00:00,1970-01-01 00:00:00+00:00,2024-12-02 21:22:41.140025+00:00,0.14365100860595703,66.22.227.100
94,2024-12-02 14:23:05.683273,93.pcapng,2,2024-12-02 21:22:53.591219+00:00,1970-01-01 00:00:00+00:00,2024-12-02 21:22:53.591219+00:00,0.13252687454223633,66.22.226.103
95,2024-12-02 14:23:17.998544,94.pcapng,2,2024-12-02 21:23:05.871718+00:00,1970-01-01 00:00:00+00:00,2024-12-02 21:23:05.871718+00:00,0.1732349395751953,66.22.226.65
96,2024-12-02 14:23:30.191081,95.pcapng,2,2024-12-02 21:23:18.225223+00:00,1970-01-01 00:00:00+00:00,2024-12-02 21:23:18.225223+00:00,0.12743186950683594,66.22.227.98
97,2024-12-02 14:23:42.442743,96.pcapng,2,2024-12-02 21:23:30.381482+00:00,1970-01-01 00:00:00+00:00,2024-12-02 21:23:30.381482+00:00,0.16224098205566406,66.22.226.38
98,2024-12-02 14:23:54.895154,97.pcapng,2,2024-12-02 21:23:42.627926+00:00,1970-01-01 00:00:00+00:00,2024-12-02 21:23:42.627926+00:00,0.13236284255981445,66.22.226.53
99,2024-12-02 14:24:07.187112,98.pcapng,2,2024-12-02 21:23:55.055981+00:00,1970-01-01 00:00:00+00:00,2024-12-02 21:23:55.055981+00:00,0.12968111038208008,66.22.227.23
100,2024-12-02 14:24:19.412328,99.pcapng,2,2024-12-02 21:24:07.386345+00:00,1970-01-01 00:00:00+00:00,2024-12-02 21:24:07.386345+00:00,0.16594600677490234,66.22.226.106
101,2024-12-02 14:24:31.912268,100.pcapng,2,2024-12-02 21:24:19.594110+00:00,1970-01-01 00:00:00+00:00,2024-12-02 21:24:19.594110+00:00,0.12265610694885254,66.22.227.12
102,2024-12-02 14:24:44.381968,101.pcapng,2,2024-12-02 21:24:32.066890+00:00,1970-01-01 00:00:00+00:00,2024-12-02 21:24:32.066890+00:00,0.15954208374023438,66.22.226.37
103,2024-12-02 14:24:56.739041,102.pcapng,2,2024-12-02 21:24:44.582139+00:00,1970-01-01 00:00:00+00:00,2024-12-02 21:24:44.582139+00:00,0.1410977840423584,66.22.227.24
104,2024-12-02 14:25:08.948473,103.pcapng,2,2024-12-02 21:24:56.948064+00:00,1970-01-01 00:00:00+00:00,2024-12-02 21:24:56.948064+00:00,0.1664600372314453,66.22.226.45
105,2024-12-02 14:25:21.342300,104.pcapng,2,2024-12-02 21:25:09.164358+00:00,1970-01-01 00:00:00+00:00,2024-12-02 21:25:09.164358+00:00,0.1432020664215088,66.22.226.9
106,2024-12-02 14:25:33.814032,105.pcapng,2,2024-12-02 21:25:21.514141+00:00,1970-01-01 00:00:00+00:00,2024-12-02 21:25:21.514141+00:00,0.12441897392272949,66.22.226.28
107,2024-12-02 14:25:46.079305,106.pcapng,2,2024-12-02 21:25:34.103986+00:00,1970-01-01 00:00:00+00:00,2024-12-02 21:25:34.103986+00:00,0.1511669158935547,66.22.226.110
108,2024-12-02 14:25:58.252905,107.pcapng,2,2024-12-02 21:25:46.259098+00:00,1970-01-01 00:00:00+00:00,2024-12-02 21:25:46.259098+00:00,0.1188359260559082,66.22.227.110
109,2024-12-02 14:26:10.439914,108.pcapng,2,2024-12-02 21:25:58.428013+00:00,1970-01-01 00:00:00+00:00,2024-12-02 21:25:58.428013+00:00,0.14728903770446777,66.22.227.100
110,2024-12-02 14:26:22.883024,109.pcapng,2,2024-12-02 21:26:10.617943+00:00,1970-01-01 00:00:00+00:00,2024-12-02 21:26:10.617943+00:00,0.13269400596618652,66.22.227.20
111,2024-12-02 14:26:35.180706,110.pcapng,2,2024-12-02 21:26:23.062144+00:00,1970-01-01 00:00:00+00:00,2024-12-02 21:26:23.062144+00:00,0.13657212257385254,66.22.227.25
112,2024-12-02 14:26:47.414813,111.pcapng,2,2024-12-02 21:26:35.370305+00:00,1970-01-01 00:00:00+00:00,2024-12-02 21:26:35.370305+00:00,0.14449095726013184,66.22.227.63
113,2024-12-02 14:26:59.829746,112.pcapng,2,2024-12-02 21:26:47.607265+00:00,1970-01-01 00:00:00+00:00,2024-12-02 21:26:47.607265+00:00,0.1443309783935547,66.22.226.113
114,2024-12-02 14:27:12.158537,113.pcapng,2,2024-12-02 21:26:59.992909+00:00,1970-01-01 00:00:00+00:00,2024-12-02 21:26:59.992909+00:00,0.16218900680541992,66.22.226.43
115,2024-12-02 14:27:24.390566,114.pcapng,2,2024-12-02 21:27:12.345793+00:00,1970-01-01 00:00:00+00:00,2024-12-02 21:27:12.345793+00:00,0.1339871883392334,66.22.226.86
116,2024-12-02 14:27:36.757233,115.pcapng,1,2024-12-02 21:27:24.589306+00:00,1970-01-01 00:00:00+00:00,2024-12-02 21:27:24.589306+00:00,0.12057089805603027,66.22.226.86
117,2024-12-02 14:27:48.984907,116.pcapng,2,2024-12-02 21:27:36.935877+00:00,1970-01-01 00:00:00+00:00,2024-12-02 21:27:36.935877+00:00,0.21897482872009277,66.22.227.13
118,2024-12-02 14:28:01.372337,117.pcapng,2,2024-12-02 21:27:50.117086+00:00,1970-01-01 00:00:00+00:00,2024-12-02 21:27:50.117086+00:00,0.16982388496398926,66.22.226.43
119,2024-12-02 14:28:13.684979,118.pcapng,2,2024-12-02 21:28:01.547281+00:00,1970-01-01 00:00:00+00:00,2024-12-02 21:28:01.547281+00:00,0.18151402473449707,66.22.226.80
120,2024-12-02 14:28:25.831412,119.pcapng,1,2024-12-02 21:28:13.866983+00:00,1970-01-01 00:00:00+00:00,2024-12-02 21:28:13.866983+00:00,5.0,66.22.226.80
121,2024-12-02 14:28:38.056109,120.pcapng,1,2024-12-02 21:28:26.016240+00:00,1970-01-01 00:00:00+00:00,2024-12-02 21:28:26.016240+00:00,0.14019203186035156,66.22.226.106
122,2024-12-02 14:28:50.229315,121.pcapng,2,2024-12-02 21:28:38.253118+00:00,1970-01-01 00:00:00+00:00,2024-12-02 21:28:38.253118+00:00,0.14253592491149902,66.22.227.114
123,2024-12-02 14:29:02.403942,122.pcapng,2,2024-12-02 21:28:50.397294+00:00,1970-01-01 00:00:00+00:00,2024-12-02 21:28:50.397294+00:00,0.12825703620910645,66.22.226.106
124,2024-12-02 14:29:14.869208,123.pcapng,2,2024-12-02 21:29:02.582226+00:00,1970-01-01 00:00:00+00:00,2024-12-02 21:29:02.582226+00:00,0.15244102478027344,66.22.226.41
125,2024-12-02 14:29:27.319243,124.pcapng,2,2024-12-02 21:29:15.056620+00:00,1970-01-01 00:00:00+00:00,2024-12-02 21:29:15.056620+00:00,0.157243013381958,66.22.227.121
126,2024-12-02 14:29:39.619476,125.pcapng,2,2024-12-02 21:29:27.507489+00:00,1970-01-01 00:00:00+00:00,2024-12-02 21:29:27.507489+00:00,0.1383380889892578,66.22.226.46
127,2024-12-02 14:29:51.843495,126.pcapng,2,2024-12-02 21:29:39.794550+00:00,1970-01-01 00:00:00+00:00,2024-12-02 21:29:39.794550+00:00,0.1762681007385254,66.22.227.93
128,2024-12-02 14:30:04.184126,127.pcapng,2,2024-12-02 21:29:52.040893+00:00,1970-01-01 00:00:00+00:00,2024-12-02 21:29:52.040893+00:00,0.13307595252990723,66.22.226.101
129,2024-12-02 14:30:16.426860,128.pcapng,2,2024-12-02 21:30:04.375109+00:00,1970-01-01 00:00:00+00:00,2024-12-02 21:30:04.375109+00:00,0.20313692092895508,66.22.227.99
130,2024-12-02 14:30:28.838753,129.pcapng,2,2024-12-02 21:30:16.599702+00:00,1970-01-01 00:00:00+00:00,2024-12-02 21:30:16.599702+00:00,0.12553906440734863,66.22.226.48
131,2024-12-02 14:30:41.098637,130.pcapng,2,2024-12-02 21:30:29.050638+00:00,1970-01-01 00:00:00+00:00,2024-12-02 21:30:29.050638+00:00,0.13198113441467285,66.22.227.28
132,2024-12-02 14:30:53.212727,131.pcapng,2,2024-12-02 21:30:41.340299+00:00,1970-01-01 00:00:00+00:00,2024-12-02 21:30:41.340299+00:00,0.15484118461608887,66.22.226.128
133,2024-12-02 14:31:05.453476,132.pcapng,2,2024-12-02 21:30:53.435251+00:00,1970-01-01 00:00:00+00:00,2024-12-02 21:30:53.435251+00:00,0.15184688568115234,66.22.226.104
134,2024-12-02 14:31:17.759582,133.pcapng,2,2024-12-02 21:31:05.647981+00:00,1970-01-01 00:00:00+00:00,2024-12-02 21:31:05.647981+00:00,0.13631916046142578,66.22.227.100
135,2024-12-02 14:31:29.932751,134.pcapng,2,2024-12-02 21:31:17.946817+00:00,1970-01-01 00:00:00+00:00,2024-12-02 21:31:17.946817+00:00,0.13455986976623535,66.22.226.105
136,2024-12-02 14:31:42.352910,135.pcapng,2,2024-12-02 21:31:30.118086+00:00,1970-01-01 00:00:00+00:00,2024-12-02 21:31:30.118086+00:00,0.1312239170074463,66.22.226.120
137,2024-12-02 14:31:54.636474,136.pcapng,2,2024-12-02 21:31:42.508137+00:00,1970-01-01 00:00:00+00:00,2024-12-02 21:31:42.508137+00:00,0.15975618362426758,66.22.227.100
138,2024-12-02 14:32:06.855176,137.pcapng,2,2024-12-02 21:31:54.855375+00:00,1970-01-01 00:00:00+00:00,2024-12-02 21:31:54.855375+00:00,0.188126802444458,66.22.226.16
139,2024-12-02 14:32:19.047469,138.pcapng,1,2024-12-02 21:32:07.051914+00:00,1970-01-01 00:00:00+00:00,2024-12-02 21:32:07.051914+00:00,5.0,66.22.226.16
140,2024-12-02 14:32:31.246206,139.pcapng,1,2024-12-02 21:32:19.235206+00:00,1970-01-01 00:00:00+00:00,2024-12-02 21:32:19.235206+00:00,0.12012410163879395,66.22.226.16
141,2024-12-02 14:32:43.445589,140.pcapng,2,2024-12-02 21:32:31.416499+00:00,1970-01-01 00:00:00+00:00,2024-12-02 21:32:31.416499+00:00,0.15665984153747559,66.22.227.92
142,2024-12-02 14:32:55.909412,141.pcapng,2,2024-12-02 21:32:44.590288+00:00,1970-01-01 00:00:00+00:00,2024-12-02 21:32:44.590288+00:00,0.14065217971801758,66.22.227.27
143,2024-12-02 14:33:08.254318,142.pcapng,2,2024-12-02 21:32:56.068631+00:00,1970-01-01 00:00:00+00:00,2024-12-02 21:32:56.068631+00:00,0.13111209869384766,66.22.226.38
144,2024-12-02 14:33:20.538253,143.pcapng,2,2024-12-02 21:33:08.431500+00:00,1970-01-01 00:00:00+00:00,2024-12-02 21:33:08.431500+00:00,0.1480720043182373,66.22.226.123
145,2024-12-02 14:33:32.741907,144.pcapng,2,2024-12-02 21:33:20.710144+00:00,1970-01-01 00:00:00+00:00,2024-12-02 21:33:20.710144+00:00,0.20674610137939453,66.22.227.28
146,2024-12-02 14:33:44.941896,145.pcapng,2,2024-12-02 21:33:32.898218+00:00,1970-01-01 00:00:00+00:00,2024-12-02 21:33:32.898218+00:00,0.16410303115844727,66.22.227.27
147,2024-12-02 14:33:57.275917,146.pcapng,2,2024-12-02 21:33:45.095428+00:00,1970-01-01 00:00:00+00:00,2024-12-02 21:33:45.095428+00:00,0.16285014152526855,66.22.227.24
148,2024-12-02 14:34:09.430748,147.pcapng,1,2024-12-02 21:33:57.490405+00:00,1970-01-01 00:00:00+00:00,2024-12-02 21:33:57.490405+00:00,5.0,66.22.227.24
149,2024-12-02 14:34:21.783507,148.pcapng,1,2024-12-02 21:34:09.611149+00:00,1970-01-01 00:00:00+00:00,2024-12-02 21:34:09.611149+00:00,0.13033509254455566,66.22.226.106
150,2024-12-02 14:34:33.952885,149.pcapng,2,2024-12-02 21:34:21.987869+00:00,1970-01-01 00:00:00+00:00,2024-12-02 21:34:21.987869+00:00,0.17014002799987793,66.22.227.22
151,2024-12-02 14:34:46.375491,150.pcapng,2,2024-12-02 21:34:34.112959+00:00,1970-01-01 00:00:00+00:00,2024-12-02 21:34:34.112959+00:00,0.14685606956481934,66.22.226.64
152,2024-12-02 14:34:58.789273,151.pcapng,2,2024-12-02 21:34:46.587671+00:00,1970-01-01 00:00:00+00:00,2024-12-02 21:34:46.587671+00:00,0.1294701099395752,66.22.227.86
153,2024-12-02 14:35:11.117132,152.pcapng,2,2024-12-02 21:34:59.000814+00:00,1970-01-01 00:00:00+00:00,2024-12-02 21:34:59.000814+00:00,0.12342000007629395,66.22.226.104
154,2024-12-02 14:35:23.333007,153.pcapng,2,2024-12-02 21:35:11.289444+00:00,1970-01-01 00:00:00+00:00,2024-12-02 21:35:11.289444+00:00,0.16354608535766602,66.22.227.76
155,2024-12-02 14:35:35.594656,154.pcapng,2,2024-12-02 21:35:23.527460+00:00,1970-01-01 00:00:00+00:00,2024-12-02 21:35:23.527460+00:00,0.15261197090148926,66.22.227.121
156,2024-12-02 14:35:47.780719,155.pcapng,2,2024-12-02 21:35:36.682954+00:00,1970-01-01 00:00:00+00:00,2024-12-02 21:35:36.682954+00:00,0.19846200942993164,66.22.227.28
157,2024-12-02 14:35:59.962632,156.pcapng,2,2024-12-02 21:35:47.947736+00:00,1970-01-01 00:00:00+00:00,2024-12-02 21:35:47.947736+00:00,0.1551830768585205,66.22.226.106
158,2024-12-02 14:36:12.461987,157.pcapng,2,2024-12-02 21:36:00.109921+00:00,1970-01-01 00:00:00+00:00,2024-12-02 21:36:00.109921+00:00,0.13868999481201172,66.22.226.118
159,2024-12-02 14:36:24.889186,158.pcapng,2,2024-12-02 21:36:12.702767+00:00,1970-01-01 00:00:00+00:00,2024-12-02 21:36:12.702767+00:00,0.15703082084655762,66.22.227.22
160,2024-12-02 14:36:37.185318,159.pcapng,2,2024-12-02 21:36:25.055824+00:00,1970-01-01 00:00:00+00:00,2024-12-02 21:36:25.055824+00:00,0.13228988647460938,66.22.226.128
161,2024-12-02 14:36:49.385119,160.pcapng,1,2024-12-02 21:36:37.401692+00:00,1970-01-01 00:00:00+00:00,2024-12-02 21:36:37.401692+00:00,5.0,66.22.226.128
162,2024-12-02 14:37:01.661291,161.pcapng,1,2024-12-02 21:36:49.605835+00:00,1970-01-01 00:00:00+00:00,2024-12-02 21:36:49.605835+00:00,0.15103507041931152,66.22.226.101
163,2024-12-02 14:37:13.855944,162.pcapng,2,2024-12-02 21:37:01.902923+00:00,1970-01-01 00:00:00+00:00,2024-12-02 21:37:01.902923+00:00,0.16683006286621094,66.22.227.12
164,2024-12-02 14:37:26.187553,163.pcapng,2,2024-12-02 21:37:14.024836+00:00,1970-01-01 00:00:00+00:00,2024-12-02 21:37:14.024836+00:00,0.14789295196533203,66.22.227.57
165,2024-12-02 14:37:38.457121,164.pcapng,2,2024-12-02 21:37:26.444864+00:00,1970-01-01 00:00:00+00:00,2024-12-02 21:37:26.444864+00:00,0.15405702590942383,66.22.227.6
166,2024-12-02 14:37:50.840405,165.pcapng,2,2024-12-02 21:37:38.628565+00:00,1970-01-01 00:00:00+00:00,2024-12-02 21:37:38.628565+00:00,0.15487289428710938,66.22.227.28
167,2024-12-02 14:38:03.017029,166.pcapng,2,2024-12-02 21:37:51.037776+00:00,1970-01-01 00:00:00+00:00,2024-12-02 21:37:51.037776+00:00,0.1860051155090332,66.22.227.96
168,2024-12-02 14:38:15.219349,167.pcapng,2,2024-12-02 21:38:03.200501+00:00,1970-01-01 00:00:00+00:00,2024-12-02 21:38:03.200501+00:00,0.13818907737731934,66.22.227.22
169,2024-12-02 14:38:27.464865,168.pcapng,2,2024-12-02 21:38:15.375866+00:00,1970-01-01 00:00:00+00:00,2024-12-02 21:38:15.375866+00:00,0.15408992767333984,66.22.226.86
170,2024-12-02 14:38:39.988607,169.pcapng,2,2024-12-02 21:38:27.631459+00:00,1970-01-01 00:00:00+00:00,2024-12-02 21:38:27.631459+00:00,0.1506822109222412,66.22.227.90
171,2024-12-02 14:38:52.447485,170.pcapng,2,2024-12-02 21:38:40.156939+00:00,1970-01-01 00:00:00+00:00,2024-12-02 21:38:40.156939+00:00,0.13121891021728516,66.22.227.24
172,2024-12-02 14:39:04.885604,171.pcapng,2,2024-12-02 21:38:52.606169+00:00,1970-01-01 00:00:00+00:00,2024-12-02 21:38:52.606169+00:00,0.13358592987060547,66.22.227.28
173,2024-12-02 14:39:17.144547,172.pcapng,2,2024-12-02 21:39:05.048390+00:00,1970-01-01 00:00:00+00:00,2024-12-02 21:39:05.048390+00:00,0.1378459930419922,66.22.227.96
174,2024-12-02 14:39:29.403244,173.pcapng,2,2024-12-02 21:39:17.404568+00:00,1970-01-01 00:00:00+00:00,2024-12-02 21:39:17.404568+00:00,0.1394181251525879,66.22.226.36
175,2024-12-02 14:39:41.800671,174.pcapng,2,2024-12-02 21:39:29.631283+00:00,1970-01-01 00:00:00+00:00,2024-12-02 21:39:29.631283+00:00,0.15291404724121094,66.22.226.105
176,2024-12-02 14:39:54.140767,175.pcapng,2,2024-12-02 21:39:41.983358+00:00,1970-01-01 00:00:00+00:00,2024-12-02 21:39:41.983358+00:00,0.16100502014160156,66.22.226.32
177,2024-12-02 14:40:06.357849,176.pcapng,2,2024-12-02 21:39:54.305529+00:00,1970-01-01 00:00:00+00:00,2024-12-02 21:39:54.305529+00:00,0.1771697998046875,66.22.227.112
178,2024-12-02 14:40:18.582339,177.pcapng,2,2024-12-02 21:40:06.564104+00:00,1970-01-01 00:00:00+00:00,2024-12-02 21:40:06.564104+00:00,0.16446495056152344,66.22.227.22
179,2024-12-02 14:40:30.809239,178.pcapng,2,2024-12-02 21:40:18.769601+00:00,1970-01-01 00:00:00+00:00,2024-12-02 21:40:18.769601+00:00,0.1572399139404297,66.22.227.76
180,2024-12-02 14:40:43.079321,179.pcapng,2,2024-12-02 21:40:31.005376+00:00,1970-01-01 00:00:00+00:00,2024-12-02 21:40:31.005376+00:00,0.14483308792114258,66.22.226.102
181,2024-12-02 14:40:55.222505,180.pcapng,1,2024-12-02 21:40:43.267565+00:00,1970-01-01 00:00:00+00:00,2024-12-02 21:40:43.267565+00:00,5.0,66.22.226.102
182,2024-12-02 14:41:07.401998,181.pcapng,1,2024-12-02 21:40:55.395133+00:00,1970-01-01 00:00:00+00:00,2024-12-02 21:40:55.395133+00:00,0.25261712074279785,66.22.227.12
183,2024-12-02 14:41:19.657386,182.pcapng,1,2024-12-02 21:41:07.575415+00:00,1970-01-01 00:00:00+00:00,2024-12-02 21:41:07.575415+00:00,5.0,66.22.227.12
184,2024-12-02 14:41:31.917040,183.pcapng,1,2024-12-02 21:41:19.842277+00:00,1970-01-01 00:00:00+00:00,2024-12-02 21:41:19.842277+00:00,0.1448969841003418,66.22.226.38
185,2024-12-02 14:41:44.177605,184.pcapng,1,2024-12-02 21:41:32.099829+00:00,1970-01-01 00:00:00+00:00,2024-12-02 21:41:32.099829+00:00,5.0,66.22.226.38
186,2024-12-02 14:41:56.460554,185.pcapng,1,2024-12-02 21:41:44.369608+00:00,1970-01-01 00:00:00+00:00,2024-12-02 21:41:44.369608+00:00,0.15156793594360352,66.22.226.97
187,2024-12-02 14:42:08.881244,186.pcapng,2,2024-12-02 21:41:56.639618+00:00,1970-01-01 00:00:00+00:00,2024-12-02 21:41:56.639618+00:00,0.1481637954711914,66.22.226.101
188,2024-12-02 14:42:21.197412,187.pcapng,2,2024-12-02 21:42:09.034582+00:00,1970-01-01 00:00:00+00:00,2024-12-02 21:42:09.034582+00:00,0.15152692794799805,66.22.226.86
189,2024-12-02 14:42:33.463031,188.pcapng,2,2024-12-02 21:42:21.385462+00:00,1970-01-01 00:00:00+00:00,2024-12-02 21:42:21.385462+00:00,0.17699909210205078,66.22.227.121
190,2024-12-02 14:42:45.887553,189.pcapng,2,2024-12-02 21:42:33.628046+00:00,1970-01-01 00:00:00+00:00,2024-12-02 21:42:33.628046+00:00,0.1486358642578125,66.22.226.111
191,2024-12-02 14:42:58.232632,190.pcapng,2,2024-12-02 21:42:46.070560+00:00,1970-01-01 00:00:00+00:00,2024-12-02 21:42:46.070560+00:00,0.14604902267456055,66.22.227.61
192,2024-12-02 14:43:10.413699,191.pcapng,2,2024-12-02 21:42:58.414293+00:00,1970-01-01 00:00:00+00:00,2024-12-02 21:42:58.414293+00:00,0.19861292839050293,66.22.226.106
193,2024-12-02 14:43:22.840433,192.pcapng,2,2024-12-02 21:43:10.575332+00:00,1970-01-01 00:00:00+00:00,2024-12-02 21:43:10.575332+00:00,0.17569994926452637,66.22.226.41
194,2024-12-02 14:43:35.160212,193.pcapng,2,2024-12-02 21:43:23.023383+00:00,1970-01-01 00:00:00+00:00,2024-12-02 21:43:23.023383+00:00,0.13791489601135254,66.22.226.108
195,2024-12-02 14:43:47.443578,194.pcapng,2,2024-12-02 21:43:35.333946+00:00,1970-01-01 00:00:00+00:00,2024-12-02 21:43:35.333946+00:00,0.142927885055542,66.22.226.96
196,2024-12-02 14:43:59.673535,195.pcapng,1,2024-12-02 21:43:47.687427+00:00,1970-01-01 00:00:00+00:00,2024-12-02 21:43:47.687427+00:00,5.0,66.22.226.96
197,2024-12-02 14:44:11.899822,196.pcapng,1,2024-12-02 21:43:59.856460+00:00,1970-01-01 00:00:00+00:00,2024-12-02 21:43:59.856460+00:00,0.18153882026672363,66.22.227.27
198,2024-12-02 14:44:24.250488,197.pcapng,2,2024-12-02 21:44:12.101426+00:00,1970-01-01 00:00:00+00:00,2024-12-02 21:44:12.101426+00:00,0.15326213836669922,66.22.227.93
199,2024-12-02 14:44:36.417524,198.pcapng,1,2024-12-02 21:44:24.485608+00:00,1970-01-01 00:00:00+00:00,2024-12-02 21:44:24.485608+00:00,5.0,66.22.227.93
200,2024-12-02 14:44:48.849260,199.pcapng,1,2024-12-02 21:44:36.580765+00:00,1970-01-01 00:00:00+00:00,2024-12-02 21:44:36.580765+00:00,0.13166403770446777,66.22.226.104
