1,2024-12-03 04:21:02.811295,0.pcapng,2,2024-12-03 11:20:50.286779+00:00,1970-01-01 00:00:00+00:00,2024-12-03 11:20:50.286779+00:00,0.1471409797668457,66.22.226.97,69.152
2,2024-12-03 04:21:15.264957,1.pcapng,1,2024-12-03 11:21:02.961144+00:00,1970-01-01 00:00:00+00:00,2024-12-03 11:21:02.961144+00:00,0.18381190299987793,66.22.227.111,68.975
3,2024-12-03 04:21:27.662684,2.pcapng,1,2024-12-03 11:21:15.583714+00:00,1970-01-01 00:00:00+00:00,2024-12-03 11:21:15.583714+00:00,5.0,66.22.227.111,66.395
4,2024-12-03 04:21:40.096832,3.pcapng,1,2024-12-03 11:21:27.812029+00:00,1970-01-01 00:00:00+00:00,2024-12-03 11:21:27.812029+00:00,0.32669997215270996,66.22.227.20,75.191
5,2024-12-03 04:21:52.776995,4.pcapng,2,2024-12-03 11:21:40.260663+00:00,1970-01-01 00:00:00+00:00,2024-12-03 11:21:40.260663+00:00,0.10781502723693848,66.22.227.112,99.444
6,2024-12-03 04:22:05.074511,5.pcapng,1,2024-12-03 11:21:53.443489+00:00,1970-01-01 00:00:00+00:00,2024-12-03 11:21:53.443489+00:00,5.0,66.22.227.112,68.279
7,2024-12-03 04:22:17.236841,6.pcapng,0,2024-12-03 11:22:09.335886+00:00,1970-01-01 00:00:00+00:00,2024-12-03 11:22:09.563207+00:00,5.0,NO IP TO PING
8,2024-12-03 04:22:29.193868,7.pcapng,0,2024-12-03 11:22:17.410700+00:00,1970-01-01 00:00:00+00:00,2024-12-03 11:22:17.410700+00:00,5.0,NO IP TO PING
9,2024-12-03 04:22:41.111467,8.pcapng,0,2024-12-03 11:22:33.455805+00:00,1970-01-01 00:00:00+00:00,2024-12-03 11:22:33.684525+00:00,5.0,NO IP TO PING
10,2024-12-03 04:22:53.824184,9.pcapng,1,2024-12-03 11:22:41.471869+00:00,1970-01-01 00:00:00+00:00,2024-12-03 11:22:41.471869+00:00,0.11098790168762207,66.22.226.128,63.871
11,2024-12-03 04:23:06.267483,10.pcapng,2,2024-12-03 11:22:53.988816+00:00,1970-01-01 00:00:00+00:00,2024-12-03 11:22:53.988816+00:00,0.16634011268615723,66.22.227.98,66.738
12,2024-12-03 04:23:18.738681,11.pcapng,2,2024-12-03 11:23:07.166842+00:00,1970-01-01 00:00:00+00:00,2024-12-03 11:23:07.166842+00:00,0.11867094039916992,66.22.226.109,65.907
13,2024-12-03 04:23:31.185064,12.pcapng,2,2024-12-03 11:23:19.808089+00:00,1970-01-01 00:00:00+00:00,2024-12-03 11:23:19.808089+00:00,0.14416217803955078,66.22.226.102,64.958
14,2024-12-03 04:23:43.673823,13.pcapng,1,2024-12-03 11:23:32.077509+00:00,1970-01-01 00:00:00+00:00,2024-12-03 11:23:32.077509+00:00,0.11172199249267578,66.22.227.27,65.602
15,2024-12-03 04:23:56.138649,14.pcapng,1,2024-12-03 11:23:44.119407+00:00,1970-01-01 00:00:00+00:00,2024-12-03 11:23:44.119407+00:00,5.0,66.22.227.27,64.631
16,2024-12-03 04:24:08.693572,15.pcapng,1,2024-12-03 11:23:56.304559+00:00,1970-01-01 00:00:00+00:00,2024-12-03 11:23:56.304559+00:00,0.3019587993621826,66.22.227.121,64.844
17,2024-12-03 04:24:21.192470,16.pcapng,2,2024-12-03 11:24:08.863463+00:00,1970-01-01 00:00:00+00:00,2024-12-03 11:24:08.863463+00:00,0.11384201049804688,66.22.226.45,107.482
18,2024-12-03 04:24:33.794458,17.pcapng,2,2024-12-03 11:24:21.354048+00:00,1970-01-01 00:00:00+00:00,2024-12-03 11:24:21.354048+00:00,0.1286919116973877,66.22.226.120,67.209
19,2024-12-03 04:24:46.200409,18.pcapng,1,2024-12-03 11:24:33.946735+00:00,1970-01-01 00:00:00+00:00,2024-12-03 11:24:33.946735+00:00,5.0,66.22.226.120,63.764
20,2024-12-03 04:24:58.704988,19.pcapng,1,2024-12-03 11:24:46.370707+00:00,1970-01-01 00:00:00+00:00,2024-12-03 11:24:46.370707+00:00,0.11043906211853027,66.22.226.91,68.333
21,2024-12-03 04:25:11.132566,20.pcapng,1,2024-12-03 11:24:59.558606+00:00,1970-01-01 00:00:00+00:00,2024-12-03 11:24:59.558606+00:00,5.0,66.22.226.91,67.51
22,2024-12-03 04:25:23.864397,21.pcapng,1,2024-12-03 11:25:15.407793+00:00,1970-01-01 00:00:00+00:00,2024-12-03 11:25:15.880433+00:00,0.11826515197753906,66.22.226.89,65.355
23,2024-12-03 04:25:36.727944,22.pcapng,2,2024-12-03 11:25:24.024715+00:00,1970-01-01 00:00:00+00:00,2024-12-03 11:25:24.024715+00:00,-2.437058925628662,66.22.226.32,67.958
24,2024-12-03 04:25:49.196124,23.pcapng,2,2024-12-03 11:25:36.892335+00:00,1970-01-01 00:00:00+00:00,2024-12-03 11:25:36.892335+00:00,0.1170339584350586,66.22.226.104,63.465
25,2024-12-03 04:26:01.724624,24.pcapng,2,2024-12-03 11:25:49.632508+00:00,1970-01-01 00:00:00+00:00,2024-12-03 11:25:49.632508+00:00,0.12261295318603516,66.22.227.99,74.708
26,2024-12-03 04:26:14.194454,25.pcapng,2,2024-12-03 11:26:01.892489+00:00,1970-01-01 00:00:00+00:00,2024-12-03 11:26:01.892489+00:00,0.4589688777923584,66.22.227.115,65.42
27,2024-12-03 04:26:26.723055,26.pcapng,2,2024-12-03 11:26:14.358711+00:00,1970-01-01 00:00:00+00:00,2024-12-03 11:26:14.358711+00:00,0.13447904586791992,66.22.226.10,74.373
28,2024-12-03 04:26:39.069223,27.pcapng,1,2024-12-03 11:26:27.539180+00:00,1970-01-01 00:00:00+00:00,2024-12-03 11:26:27.539180+00:00,5.0,66.22.226.10,74.473
29,2024-12-03 04:26:51.837807,28.pcapng,1,2024-12-03 11:26:39.217068+00:00,1970-01-01 00:00:00+00:00,2024-12-03 11:26:39.217068+00:00,0.1244959831237793,66.22.227.102,65.008
30,2024-12-03 04:27:04.248417,29.pcapng,1,2024-12-03 11:26:52.395388+00:00,1970-01-01 00:00:00+00:00,2024-12-03 11:26:52.395388+00:00,5.0,66.22.227.102,64.284
31,2024-12-03 04:27:16.857680,30.pcapng,1,2024-12-03 11:27:04.406138+00:00,1970-01-01 00:00:00+00:00,2024-12-03 11:27:04.406138+00:00,0.11907315254211426,66.22.227.119,65.121
32,2024-12-03 04:27:29.264715,31.pcapng,1,2024-12-03 11:27:17.020007+00:00,1970-01-01 00:00:00+00:00,2024-12-03 11:27:17.020007+00:00,5.0,66.22.227.119,64.615
33,2024-12-03 04:27:41.714543,32.pcapng,1,2024-12-03 11:27:29.429060+00:00,1970-01-01 00:00:00+00:00,2024-12-03 11:27:29.429060+00:00,0.17823100090026855,66.22.227.23,65.48
34,2024-12-03 04:27:54.268652,33.pcapng,2,2024-12-03 11:27:41.874192+00:00,1970-01-01 00:00:00+00:00,2024-12-03 11:27:41.874192+00:00,0.1089940071105957,66.22.226.24,67.155
35,2024-12-03 04:28:06.831463,34.pcapng,2,2024-12-03 11:27:54.590242+00:00,1970-01-01 00:00:00+00:00,2024-12-03 11:27:54.590242+00:00,0.12426614761352539,66.22.226.28,67.353
36,2024-12-03 04:28:19.279383,35.pcapng,2,2024-12-03 11:28:06.994009+00:00,1970-01-01 00:00:00+00:00,2024-12-03 11:28:06.994009+00:00,0.4077329635620117,66.22.227.24,66.116
37,2024-12-03 04:28:31.838316,36.pcapng,2,2024-12-03 11:28:19.443368+00:00,1970-01-01 00:00:00+00:00,2024-12-03 11:28:19.443368+00:00,0.1233680248260498,66.22.226.61,63.604
38,2024-12-03 04:28:44.177748,37.pcapng,1,2024-12-03 11:28:32.004876+00:00,1970-01-01 00:00:00+00:00,2024-12-03 11:28:32.004876+00:00,5.0,66.22.226.61,65.007
39,2024-12-03 04:28:56.810484,38.pcapng,1,2024-12-03 11:28:44.340062+00:00,1970-01-01 00:00:00+00:00,2024-12-03 11:28:44.340062+00:00,0.1117408275604248,66.22.226.106,63.487
40,2024-12-03 04:29:09.334316,39.pcapng,1,2024-12-03 11:28:56.972013+00:00,1970-01-01 00:00:00+00:00,2024-12-03 11:28:56.972013+00:00,5.0,66.22.226.106,63.667
41,2024-12-03 04:29:21.914527,40.pcapng,1,2024-12-03 11:29:09.495970+00:00,1970-01-01 00:00:00+00:00,2024-12-03 11:29:09.495970+00:00,0.16861295700073242,66.22.226.118,65.983
42,2024-12-03 04:29:33.829697,41.pcapng,0,2024-12-03 11:29:22.076318+00:00,1970-01-01 00:00:00+00:00,2024-12-03 11:29:22.076318+00:00,5.0,NO IP TO PING
43,2024-12-03 04:29:46.331670,42.pcapng,1,2024-12-03 11:29:33.989919+00:00,1970-01-01 00:00:00+00:00,2024-12-03 11:29:33.989919+00:00,0.26349616050720215,66.22.227.76,70.372
44,2024-12-03 04:29:58.865213,43.pcapng,2,2024-12-03 11:29:47.166311+00:00,1970-01-01 00:00:00+00:00,2024-12-03 11:29:47.166311+00:00,-3.3990859985351562,66.22.227.42,64.708
45,2024-12-03 04:30:10.778722,44.pcapng,0,2024-12-03 11:29:59.027297+00:00,1970-01-01 00:00:00+00:00,2024-12-03 11:29:59.027297+00:00,5.0,NO IP TO PING
46,2024-12-03 04:30:22.780855,45.pcapng,0,2024-12-03 11:30:10.952224+00:00,1970-01-01 00:00:00+00:00,2024-12-03 11:30:10.952224+00:00,5.0,NO IP TO PING
47,2024-12-03 04:30:34.912315,46.pcapng,0,2024-12-03 11:30:22.935945+00:00,1970-01-01 00:00:00+00:00,2024-12-03 11:30:22.935945+00:00,5.0,NO IP TO PING
48,2024-12-03 04:30:47.223014,47.pcapng,0,2024-12-03 11:30:36.249006+00:00,1970-01-01 00:00:00+00:00,2024-12-03 11:30:36.282071+00:00,5.0,NO IP TO PING
49,2024-12-03 04:30:59.945306,48.pcapng,1,2024-12-03 11:30:47.384585+00:00,1970-01-01 00:00:00+00:00,2024-12-03 11:30:47.384585+00:00,-2.9384939670562744,66.22.226.47,93.087
50,2024-12-03 04:31:12.567008,49.pcapng,1,2024-12-03 11:31:00.105053+00:00,1970-01-01 00:00:00+00:00,2024-12-03 11:31:00.105053+00:00,5.0,66.22.226.47,67.442
51,2024-12-03 04:31:25.317885,50.pcapng,1,2024-12-03 11:31:12.727190+00:00,1970-01-01 00:00:00+00:00,2024-12-03 11:31:12.727190+00:00,0.1129140853881836,66.22.227.28,75.452
52,2024-12-03 04:31:37.734937,51.pcapng,1,2024-12-03 11:31:25.638532+00:00,1970-01-01 00:00:00+00:00,2024-12-03 11:31:25.638532+00:00,5.0,66.22.227.28,70.163
53,2024-12-03 04:31:50.214459,52.pcapng,1,2024-12-03 11:31:38.139933+00:00,1970-01-01 00:00:00+00:00,2024-12-03 11:31:42.230275+00:00,0.12011218070983887,66.22.227.105,68.967
54,2024-12-03 04:32:02.613504,53.pcapng,1,2024-12-03 11:31:50.372674+00:00,1970-01-01 00:00:00+00:00,2024-12-03 11:31:50.372674+00:00,5.0,66.22.227.105,66.983
55,2024-12-03 04:32:15.561322,54.pcapng,1,2024-12-03 11:32:02.793392+00:00,1970-01-01 00:00:00+00:00,2024-12-03 11:32:02.793392+00:00,0.13089203834533691,66.22.226.111,65.215
56,2024-12-03 04:32:28.392358,55.pcapng,2,2024-12-03 11:32:15.719328+00:00,1970-01-01 00:00:00+00:00,2024-12-03 11:32:15.719328+00:00,-2.8450798988342285,66.22.226.80,66.623
57,2024-12-03 04:32:40.778990,56.pcapng,1,2024-12-03 11:32:28.818879+00:00,1970-01-01 00:00:00+00:00,2024-12-03 11:32:28.818879+00:00,5.0,66.22.226.80,66.896
58,2024-12-03 04:32:53.279127,57.pcapng,1,2024-12-03 11:32:45.038757+00:00,1970-01-01 00:00:00+00:00,2024-12-03 11:32:45.274174+00:00,0.13856291770935059,66.22.227.101,70.069
59,2024-12-03 04:33:05.790458,58.pcapng,2,2024-12-03 11:32:53.561657+00:00,1970-01-01 00:00:00+00:00,2024-12-03 11:32:53.561657+00:00,0.11551594734191895,66.22.227.11,63.579
60,2024-12-03 04:33:18.299424,59.pcapng,2,2024-12-03 11:33:05.940371+00:00,1970-01-01 00:00:00+00:00,2024-12-03 11:33:05.940371+00:00,0.13639211654663086,66.22.226.75,69.133
61,2024-12-03 04:33:30.778515,60.pcapng,1,2024-12-03 11:33:18.452642+00:00,1970-01-01 00:00:00+00:00,2024-12-03 11:33:18.452642+00:00,5.0,66.22.226.75,67.615
62,2024-12-03 04:33:42.797562,61.pcapng,0,2024-12-03 11:33:30.972298+00:00,1970-01-01 00:00:00+00:00,2024-12-03 11:33:30.993491+00:00,5.0,NO IP TO PING
63,2024-12-03 04:33:55.473561,62.pcapng,1,2024-12-03 11:33:42.955654+00:00,1970-01-01 00:00:00+00:00,2024-12-03 11:33:42.955654+00:00,-3.3477580547332764,66.22.226.127,65.881
64,2024-12-03 04:34:08.181581,63.pcapng,2,2024-12-03 11:33:55.643196+00:00,1970-01-01 00:00:00+00:00,2024-12-03 11:33:55.643196+00:00,-1.9427011013031006,66.22.226.54,71.479
65,2024-12-03 04:34:20.506931,64.pcapng,1,2024-12-03 11:34:08.625856+00:00,1970-01-01 00:00:00+00:00,2024-12-03 11:34:08.625856+00:00,5.0,66.22.226.54,65.549
66,2024-12-03 04:34:33.401819,65.pcapng,1,2024-12-03 11:34:20.652814+00:00,1970-01-01 00:00:00+00:00,2024-12-03 11:34:20.652814+00:00,0.11524200439453125,66.22.226.65,66.601
67,2024-12-03 04:34:45.809445,66.pcapng,1,2024-12-03 11:34:33.813922+00:00,1970-01-01 00:00:00+00:00,2024-12-03 11:34:33.813922+00:00,5.0,66.22.226.65,111.322
68,2024-12-03 04:34:58.295751,67.pcapng,1,2024-12-03 11:34:45.966728+00:00,1970-01-01 00:00:00+00:00,2024-12-03 11:34:45.966728+00:00,0.11407804489135742,66.22.226.78,91.297
69,2024-12-03 04:35:10.881682,68.pcapng,2,2024-12-03 11:34:58.449055+00:00,1970-01-01 00:00:00+00:00,2024-12-03 11:34:58.449055+00:00,-2.383638858795166,66.22.226.103,88.037
70,2024-12-03 04:35:23.356899,69.pcapng,2,2024-12-03 11:35:11.048820+00:00,1970-01-01 00:00:00+00:00,2024-12-03 11:35:11.048820+00:00,0.16998600959777832,66.22.226.126,68.751
71,2024-12-03 04:35:35.891292,70.pcapng,2,2024-12-03 11:35:23.518665+00:00,1970-01-01 00:00:00+00:00,2024-12-03 11:35:23.518665+00:00,0.20810508728027344,66.22.227.100,65.682
72,2024-12-03 04:35:48.284988,71.pcapng,1,2024-12-03 11:35:36.698930+00:00,1970-01-01 00:00:00+00:00,2024-12-03 11:35:36.698930+00:00,5.0,66.22.227.100,64.403
73,2024-12-03 04:36:00.918151,72.pcapng,1,2024-12-03 11:35:48.456254+00:00,1970-01-01 00:00:00+00:00,2024-12-03 11:35:48.456254+00:00,0.21667695045471191,66.22.226.101,69.812
74,2024-12-03 04:36:13.486624,73.pcapng,2,2024-12-03 11:36:01.098091+00:00,1970-01-01 00:00:00+00:00,2024-12-03 11:36:01.098091+00:00,0.15074491500854492,66.22.227.118,65.497
75,2024-12-03 04:36:25.317554,74.pcapng,0,2024-12-03 11:36:14.472398+00:00,1970-01-01 00:00:00+00:00,2024-12-03 11:36:14.472398+00:00,5.0,NO IP TO PING
76,2024-12-03 04:36:38.033022,75.pcapng,1,2024-12-03 11:36:25.493917+00:00,1970-01-01 00:00:00+00:00,2024-12-03 11:36:25.493917+00:00,0.3638010025024414,66.22.226.16,66.764
77,2024-12-03 04:36:50.802083,76.pcapng,2,2024-12-03 11:36:38.204009+00:00,1970-01-01 00:00:00+00:00,2024-12-03 11:36:38.204009+00:00,-2.0285120010375977,66.22.226.29,69.309
78,2024-12-03 04:37:03.361798,77.pcapng,1,2024-12-03 11:36:51.371722+00:00,1970-01-01 00:00:00+00:00,2024-12-03 11:36:51.371722+00:00,5.0,66.22.226.29,68.155
79,2024-12-03 04:37:16.040865,78.pcapng,1,2024-12-03 11:37:03.680022+00:00,1970-01-01 00:00:00+00:00,2024-12-03 11:37:03.680022+00:00,0.12962794303894043,66.22.226.86,65.488
80,2024-12-03 04:37:28.514614,79.pcapng,1,2024-12-03 11:37:16.204023+00:00,1970-01-01 00:00:00+00:00,2024-12-03 11:37:16.204023+00:00,5.0,66.22.226.86,67.245
81,2024-12-03 04:37:41.494708,80.pcapng,1,2024-12-03 11:37:29.145467+00:00,1970-01-01 00:00:00+00:00,2024-12-03 11:37:29.178915+00:00,0.21349716186523438,66.22.227.22,79.693
82,2024-12-03 04:37:54.019509,81.pcapng,1,2024-12-03 11:37:41.844007+00:00,1970-01-01 00:00:00+00:00,2024-12-03 11:37:41.844007+00:00,5.0,66.22.227.22,73.755
83,2024-12-03 04:38:06.287827,82.pcapng,0,2024-12-03 11:37:54.187269+00:00,1970-01-01 00:00:00+00:00,2024-12-03 11:37:54.187269+00:00,5.0,NO IP TO PING
84,2024-12-03 04:38:18.927548,83.pcapng,1,2024-12-03 11:38:06.450169+00:00,1970-01-01 00:00:00+00:00,2024-12-03 11:38:06.450169+00:00,0.21431899070739746,66.22.227.122,65.414
85,2024-12-03 04:38:31.290164,84.pcapng,1,2024-12-03 11:38:19.640503+00:00,1970-01-01 00:00:00+00:00,2024-12-03 11:38:19.640503+00:00,5.0,66.22.227.122,66.033
86,2024-12-03 04:38:43.975374,85.pcapng,1,2024-12-03 11:38:31.444602+00:00,1970-01-01 00:00:00+00:00,2024-12-03 11:38:31.444602+00:00,0.12743902206420898,66.22.227.70,62.673
87,2024-12-03 04:38:56.807207,86.pcapng,2,2024-12-03 11:38:44.128498+00:00,1970-01-01 00:00:00+00:00,2024-12-03 11:38:44.128498+00:00,-3.629024028778076,66.22.226.79,64.57
88,2024-12-03 04:39:09.196092,87.pcapng,1,2024-12-03 11:38:57.296425+00:00,1970-01-01 00:00:00+00:00,2024-12-03 11:38:57.296425+00:00,5.0,66.22.226.79,65.171
89,2024-12-03 04:39:21.778271,88.pcapng,1,2024-12-03 11:39:12.691675+00:00,1970-01-01 00:00:00+00:00,2024-12-03 11:39:13.725995+00:00,0.11454081535339355,66.22.226.129,65.084
90,2024-12-03 04:39:34.227056,89.pcapng,1,2024-12-03 11:39:21.938826+00:00,1970-01-01 00:00:00+00:00,2024-12-03 11:39:21.938826+00:00,5.0,66.22.226.129,64.609
91,2024-12-03 04:39:46.112342,90.pcapng,0,2024-12-03 11:39:38.500521+00:00,1970-01-01 00:00:00+00:00,2024-12-03 11:39:39.239724+00:00,5.0,NO IP TO PING
92,2024-12-03 04:39:58.487890,91.pcapng,0,2024-12-03 11:39:46.263445+00:00,1970-01-01 00:00:00+00:00,2024-12-03 11:39:46.263445+00:00,5.0,NO IP TO PING
93,2024-12-03 04:40:11.076426,92.pcapng,1,2024-12-03 11:40:02.749068+00:00,1970-01-01 00:00:00+00:00,2024-12-03 11:40:03.311875+00:00,0.12995004653930664,66.22.226.57,67.066
94,2024-12-03 04:40:23.695061,93.pcapng,1,2024-12-03 11:40:12.027278+00:00,1970-01-01 00:00:00+00:00,2024-12-03 11:40:12.027278+00:00,5.0,66.22.226.57,67.374
95,2024-12-03 04:40:36.373117,94.pcapng,1,2024-12-03 11:40:23.852099+00:00,1970-01-01 00:00:00+00:00,2024-12-03 11:40:23.852099+00:00,0.11093783378601074,66.22.227.57,64.489
96,2024-12-03 04:40:48.863039,95.pcapng,1,2024-12-03 11:40:36.543243+00:00,1970-01-01 00:00:00+00:00,2024-12-03 11:40:36.543243+00:00,5.0,66.22.227.57,65.584
97,2024-12-03 04:41:01.634349,96.pcapng,1,2024-12-03 11:40:49.021778+00:00,1970-01-01 00:00:00+00:00,2024-12-03 11:40:49.021778+00:00,0.12048792839050293,66.22.227.48,102.394
98,2024-12-03 04:41:14.420957,97.pcapng,1,2024-12-03 11:41:02.425911+00:00,1970-01-01 00:00:00+00:00,2024-12-03 11:41:02.425911+00:00,5.0,66.22.227.48,68.007
99,2024-12-03 04:41:26.994424,98.pcapng,1,2024-12-03 11:41:14.594609+00:00,1970-01-01 00:00:00+00:00,2024-12-03 11:41:14.594609+00:00,0.1247870922088623,66.22.226.53,63.957
100,2024-12-03 04:41:39.453901,99.pcapng,1,2024-12-03 11:41:27.302982+00:00,1970-01-01 00:00:00+00:00,2024-12-03 11:41:27.302982+00:00,5.0,66.22.226.53,69.354
101,2024-12-03 04:41:51.684730,100.pcapng,0,2024-12-03 11:41:39.708681+00:00,1970-01-01 00:00:00+00:00,2024-12-03 11:41:39.745509+00:00,5.0,NO IP TO PING
102,2024-12-03 04:42:04.394220,101.pcapng,1,2024-12-03 11:41:51.858128+00:00,1970-01-01 00:00:00+00:00,2024-12-03 11:41:51.858128+00:00,-4.0207250118255615,66.22.227.117,68.703
103,2024-12-03 04:42:17.051950,102.pcapng,2,2024-12-03 11:42:04.558785+00:00,1970-01-01 00:00:00+00:00,2024-12-03 11:42:04.558785+00:00,0.13265705108642578,66.22.226.30,71.003
104,2024-12-03 04:42:29.531606,103.pcapng,1,2024-12-03 11:42:17.217304+00:00,1970-01-01 00:00:00+00:00,2024-12-03 11:42:17.217304+00:00,5.0,66.22.226.30,65.513
105,2024-12-03 04:42:42.508868,104.pcapng,1,2024-12-03 11:42:29.699001+00:00,1970-01-01 00:00:00+00:00,2024-12-03 11:42:29.699001+00:00,0.11062884330749512,66.22.226.105,69.069
106,2024-12-03 04:42:55.302846,105.pcapng,2,2024-12-03 11:42:42.653238+00:00,1970-01-01 00:00:00+00:00,2024-12-03 11:42:42.653238+00:00,-2.259398937225342,66.22.226.107,63.115
107,2024-12-03 04:43:07.953804,106.pcapng,2,2024-12-03 11:42:55.472188+00:00,1970-01-01 00:00:00+00:00,2024-12-03 11:42:55.472188+00:00,0.20197701454162598,66.22.227.63,64.885
108,2024-12-03 04:43:20.659452,107.pcapng,2,2024-12-03 11:43:08.145984+00:00,1970-01-01 00:00:00+00:00,2024-12-03 11:43:08.145984+00:00,0.12581300735473633,66.22.226.25,64.845
109,2024-12-03 04:43:33.211943,108.pcapng,2,2024-12-03 11:43:21.044257+00:00,1970-01-01 00:00:00+00:00,2024-12-03 11:43:21.044257+00:00,0.1120901107788086,66.22.226.6,66.064
110,2024-12-03 04:43:45.597174,109.pcapng,1,2024-12-03 11:43:33.997088+00:00,1970-01-01 00:00:00+00:00,2024-12-03 11:43:33.997088+00:00,5.0,66.22.226.6,65.816
111,2024-12-03 04:43:58.524536,110.pcapng,1,2024-12-03 11:43:45.760802+00:00,1970-01-01 00:00:00+00:00,2024-12-03 11:43:45.760802+00:00,0.12173295021057129,66.22.226.96,63.431
112,2024-12-03 04:44:11.245906,111.pcapng,1,2024-12-03 11:43:58.684028+00:00,1970-01-01 00:00:00+00:00,2024-12-03 11:43:58.684028+00:00,5.0,66.22.226.96,65.657
113,2024-12-03 04:44:23.982777,112.pcapng,1,2024-12-03 11:44:11.403849+00:00,1970-01-01 00:00:00+00:00,2024-12-03 11:44:11.403849+00:00,0.12656497955322266,66.22.227.67,71.734
114,2024-12-03 04:44:36.632180,113.pcapng,2,2024-12-03 11:44:24.152311+00:00,1970-01-01 00:00:00+00:00,2024-12-03 11:44:24.152311+00:00,0.11336779594421387,66.22.226.37,64.325
115,2024-12-03 04:44:49.430562,114.pcapng,1,2024-12-03 11:44:36.811376+00:00,1970-01-01 00:00:00+00:00,2024-12-03 11:44:36.811376+00:00,5.0,66.22.226.37,63.495
116,2024-12-03 04:45:01.373219,115.pcapng,0,2024-12-03 11:44:49.643309+00:00,1970-01-01 00:00:00+00:00,2024-12-03 11:44:49.643309+00:00,5.0,NO IP TO PING
117,2024-12-03 04:45:13.755144,116.pcapng,0,2024-12-03 11:45:01.553904+00:00,1970-01-01 00:00:00+00:00,2024-12-03 11:45:01.553904+00:00,5.0,NO IP TO PING
118,2024-12-03 04:45:26.634539,117.pcapng,1,2024-12-03 11:45:13.929985+00:00,1970-01-01 00:00:00+00:00,2024-12-03 11:45:13.929985+00:00,-2.8874549865722656,66.22.226.63,64.863
119,2024-12-03 04:45:39.526805,118.pcapng,2,2024-12-03 11:45:26.799923+00:00,1970-01-01 00:00:00+00:00,2024-12-03 11:45:26.799923+00:00,-3.5254130363464355,66.22.227.83,67.281
120,2024-12-03 04:45:51.849303,119.pcapng,1,2024-12-03 11:45:40.204789+00:00,1970-01-01 00:00:00+00:00,2024-12-03 11:45:40.204789+00:00,5.0,66.22.227.83,67.703
121,2024-12-03 04:46:04.531494,120.pcapng,1,2024-12-03 11:45:52.015772+00:00,1970-01-01 00:00:00+00:00,2024-12-03 11:45:52.015772+00:00,0.13072896003723145,66.22.226.70,65.425
122,2024-12-03 04:46:17.122623,121.pcapng,1,2024-12-03 11:46:04.692740+00:00,1970-01-01 00:00:00+00:00,2024-12-03 11:46:04.692740+00:00,5.0,66.22.226.70,64.95
123,2024-12-03 04:46:30.006654,122.pcapng,1,2024-12-03 11:46:17.285234+00:00,1970-01-01 00:00:00+00:00,2024-12-03 11:46:17.285234+00:00,0.21004009246826172,66.22.227.104,62.895
124,2024-12-03 04:46:42.732486,123.pcapng,1,2024-12-03 11:46:30.459949+00:00,1970-01-01 00:00:00+00:00,2024-12-03 11:46:30.459949+00:00,5.0,66.22.227.104,63.165
125,2024-12-03 04:46:54.623318,124.pcapng,0,2024-12-03 11:46:42.905075+00:00,1970-01-01 00:00:00+00:00,2024-12-03 11:46:42.905075+00:00,5.0,NO IP TO PING
126,2024-12-03 04:47:06.967001,125.pcapng,0,2024-12-03 11:46:54.796332+00:00,1970-01-01 00:00:00+00:00,2024-12-03 11:46:54.796332+00:00,5.0,NO IP TO PING
127,2024-12-03 04:47:19.299869,126.pcapng,0,2024-12-03 11:47:08.233804+00:00,1970-01-01 00:00:00+00:00,2024-12-03 11:47:08.258486+00:00,5.0,NO IP TO PING
128,2024-12-03 04:47:31.396943,127.pcapng,0,2024-12-03 11:47:19.462495+00:00,1970-01-01 00:00:00+00:00,2024-12-03 11:47:19.462495+00:00,5.0,NO IP TO PING
129,2024-12-03 04:47:43.698309,128.pcapng,0,2024-12-03 11:47:31.572728+00:00,1970-01-01 00:00:00+00:00,2024-12-03 11:47:31.572728+00:00,5.0,NO IP TO PING
130,2024-12-03 04:47:56.416598,129.pcapng,1,2024-12-03 11:47:43.860668+00:00,1970-01-01 00:00:00+00:00,2024-12-03 11:47:43.860668+00:00,-3.1614010334014893,66.22.227.38,67.271
131,2024-12-03 04:48:08.433323,130.pcapng,0,2024-12-03 11:47:56.581695+00:00,1970-01-01 00:00:00+00:00,2024-12-03 11:47:56.581695+00:00,5.0,NO IP TO PING
132,2024-12-03 04:48:20.477241,131.pcapng,0,2024-12-03 11:48:08.602503+00:00,1970-01-01 00:00:00+00:00,2024-12-03 11:48:08.602503+00:00,5.0,NO IP TO PING
133,2024-12-03 04:48:33.131426,132.pcapng,1,2024-12-03 11:48:20.777946+00:00,1970-01-01 00:00:00+00:00,2024-12-03 11:48:20.777946+00:00,0.20474004745483398,66.22.226.85,70.067
134,2024-12-03 04:48:45.831031,133.pcapng,1,2024-12-03 11:48:33.295006+00:00,1970-01-01 00:00:00+00:00,2024-12-03 11:48:33.295006+00:00,5.0,66.22.226.85,69.662
135,2024-12-03 04:48:57.856524,134.pcapng,0,2024-12-03 11:48:45.976888+00:00,1970-01-01 00:00:00+00:00,2024-12-03 11:48:45.976888+00:00,5.0,NO IP TO PING
136,2024-12-03 04:49:10.055631,135.pcapng,0,2024-12-03 11:48:58.028012+00:00,1970-01-01 00:00:00+00:00,2024-12-03 11:48:58.028012+00:00,5.0,NO IP TO PING
137,2024-12-03 04:49:22.154496,136.pcapng,0,2024-12-03 11:49:14.318202+00:00,1970-01-01 00:00:00+00:00,2024-12-03 11:49:14.543715+00:00,5.0,NO IP TO PING
138,2024-12-03 04:49:34.211692,137.pcapng,0,2024-12-03 11:49:22.330544+00:00,1970-01-01 00:00:00+00:00,2024-12-03 11:49:22.330544+00:00,5.0,NO IP TO PING
139,2024-12-03 04:49:46.120426,138.pcapng,0,2024-12-03 11:49:34.374158+00:00,1970-01-01 00:00:00+00:00,2024-12-03 11:49:34.374158+00:00,5.0,NO IP TO PING
140,2024-12-03 04:49:58.458762,139.pcapng,0,2024-12-03 11:49:46.272759+00:00,1970-01-01 00:00:00+00:00,2024-12-03 11:49:46.272759+00:00,5.0,NO IP TO PING
141,2024-12-03 04:50:10.883988,140.pcapng,0,2024-12-03 11:49:58.841499+00:00,1970-01-01 00:00:00+00:00,2024-12-03 11:49:58.861367+00:00,5.0,NO IP TO PING
142,2024-12-03 04:50:23.006607,141.pcapng,0,2024-12-03 11:50:11.837421+00:00,1970-01-01 00:00:00+00:00,2024-12-03 11:50:11.860611+00:00,5.0,NO IP TO PING
143,2024-12-03 04:50:35.408632,142.pcapng,0,2024-12-03 11:50:24.360003+00:00,1970-01-01 00:00:00+00:00,2024-12-03 11:50:24.395596+00:00,5.0,NO IP TO PING
144,2024-12-03 04:50:48.114363,143.pcapng,1,2024-12-03 11:50:37.399963+00:00,1970-01-01 00:00:00+00:00,2024-12-03 11:50:40.406836+00:00,0.176253080368042,66.22.227.95,66.035
145,2024-12-03 04:51:00.620461,144.pcapng,1,2024-12-03 11:50:48.267827+00:00,1970-01-01 00:00:00+00:00,2024-12-03 11:50:48.267827+00:00,5.0,66.22.227.95,69.306
146,2024-12-03 04:51:13.792604,145.pcapng,1,2024-12-03 11:51:00.784029+00:00,1970-01-01 00:00:00+00:00,2024-12-03 11:51:00.784029+00:00,0.11705398559570312,66.22.227.107,65.906
147,2024-12-03 04:51:26.299212,146.pcapng,1,2024-12-03 11:51:13.957780+00:00,1970-01-01 00:00:00+00:00,2024-12-03 11:51:13.957780+00:00,5.0,66.22.227.107,68.936
148,2024-12-03 04:51:38.209014,147.pcapng,0,2024-12-03 11:51:26.464623+00:00,1970-01-01 00:00:00+00:00,2024-12-03 11:51:26.464623+00:00,5.0,NO IP TO PING
149,2024-12-03 04:51:51.047878,148.pcapng,1,2024-12-03 11:51:38.379443+00:00,1970-01-01 00:00:00+00:00,2024-12-03 11:51:38.379443+00:00,-2.6666979789733887,66.22.226.13,70.844
150,2024-12-03 04:52:03.944383,149.pcapng,2,2024-12-03 11:51:51.759076+00:00,1970-01-01 00:00:00+00:00,2024-12-03 11:51:51.759076+00:00,-3.386808156967163,66.22.226.35,69.399
151,2024-12-03 04:52:16.332071,150.pcapng,1,2024-12-03 11:52:04.392442+00:00,1970-01-01 00:00:00+00:00,2024-12-03 11:52:04.392442+00:00,5.0,66.22.226.35,65.029
152,2024-12-03 04:52:28.382180,151.pcapng,0,2024-12-03 11:52:16.491813+00:00,1970-01-01 00:00:00+00:00,2024-12-03 11:52:16.491813+00:00,5.0,NO IP TO PING
153,2024-12-03 04:52:41.328008,152.pcapng,1,2024-12-03 11:52:29.975452+00:00,1970-01-01 00:00:00+00:00,2024-12-03 11:52:30.072796+00:00,-2.7184600830078125,66.22.227.4,66.372
154,2024-12-03 04:52:53.747459,153.pcapng,1,2024-12-03 11:52:41.710604+00:00,1970-01-01 00:00:00+00:00,2024-12-03 11:52:41.710604+00:00,5.0,66.22.227.4,66.101
155,2024-12-03 04:53:05.695288,154.pcapng,0,2024-12-03 11:52:53.899518+00:00,1970-01-01 00:00:00+00:00,2024-12-03 11:52:53.899518+00:00,5.0,NO IP TO PING
156,2024-12-03 04:53:17.593811,155.pcapng,0,2024-12-03 11:53:06.025870+00:00,1970-01-01 00:00:00+00:00,2024-12-03 11:53:06.025870+00:00,5.0,NO IP TO PING
157,2024-12-03 04:53:29.889626,156.pcapng,0,2024-12-03 11:53:17.754152+00:00,1970-01-01 00:00:00+00:00,2024-12-03 11:53:17.754152+00:00,5.0,NO IP TO PING
158,2024-12-03 04:53:41.933243,157.pcapng,0,2024-12-03 11:53:30.025303+00:00,1970-01-01 00:00:00+00:00,2024-12-03 11:53:30.025303+00:00,5.0,NO IP TO PING
159,2024-12-03 04:53:53.850458,158.pcapng,0,2024-12-03 11:53:46.190365+00:00,1970-01-01 00:00:00+00:00,2024-12-03 11:53:46.695670+00:00,5.0,NO IP TO PING
160,2024-12-03 04:54:05.944488,159.pcapng,0,2024-12-03 11:53:54.008387+00:00,1970-01-01 00:00:00+00:00,2024-12-03 11:53:54.008387+00:00,5.0,NO IP TO PING
161,2024-12-03 04:54:18.346738,160.pcapng,0,2024-12-03 11:54:06.112956+00:00,1970-01-01 00:00:00+00:00,2024-12-03 11:54:06.112956+00:00,5.0,NO IP TO PING
162,2024-12-03 04:54:30.324037,161.pcapng,0,2024-12-03 11:54:18.506783+00:00,1970-01-01 00:00:00+00:00,2024-12-03 11:54:18.506783+00:00,5.0,NO IP TO PING
163,2024-12-03 04:54:43.024308,162.pcapng,1,2024-12-03 11:54:30.495645+00:00,1970-01-01 00:00:00+00:00,2024-12-03 11:54:30.495645+00:00,0.30034899711608887,66.22.227.90,72.398
164,2024-12-03 04:54:55.541780,163.pcapng,1,2024-12-03 11:54:43.182401+00:00,1970-01-01 00:00:00+00:00,2024-12-03 11:54:43.182401+00:00,5.0,66.22.227.90,65.563
165,2024-12-03 04:55:07.785457,164.pcapng,0,2024-12-03 11:54:55.704508+00:00,1970-01-01 00:00:00+00:00,2024-12-03 11:54:55.704508+00:00,5.0,NO IP TO PING
166,2024-12-03 04:55:20.635696,165.pcapng,1,2024-12-03 11:55:09.040660+00:00,1970-01-01 00:00:00+00:00,2024-12-03 11:55:09.093917+00:00,-3.1077091693878174,66.22.226.117,68.719
167,2024-12-03 04:55:33.318540,166.pcapng,1,2024-12-03 11:55:21.106565+00:00,1970-01-01 00:00:00+00:00,2024-12-03 11:55:21.350151+00:00,5.0,66.22.226.117,70.145
168,2024-12-03 04:55:45.364425,167.pcapng,0,2024-12-03 11:55:33.469669+00:00,1970-01-01 00:00:00+00:00,2024-12-03 11:55:33.469669+00:00,5.0,NO IP TO PING
169,2024-12-03 04:55:57.391119,168.pcapng,0,2024-12-03 11:55:49.640842+00:00,1970-01-01 00:00:00+00:00,2024-12-03 11:55:50.128492+00:00,5.0,NO IP TO PING
170,2024-12-03 04:56:09.739207,169.pcapng,0,2024-12-03 11:55:57.563481+00:00,1970-01-01 00:00:00+00:00,2024-12-03 11:55:57.563481+00:00,5.0,NO IP TO PING
171,2024-12-03 04:56:21.897276,170.pcapng,0,2024-12-03 11:56:09.904807+00:00,1970-01-01 00:00:00+00:00,2024-12-03 11:56:09.904807+00:00,5.0,NO IP TO PING
172,2024-12-03 04:56:34.927216,171.pcapng,1,2024-12-03 11:56:23.148499+00:00,1970-01-01 00:00:00+00:00,2024-12-03 11:56:23.209273+00:00,-2.8723058700561523,66.22.226.88,67.923
173,2024-12-03 04:56:47.442401,172.pcapng,1,2024-12-03 11:56:35.270755+00:00,1970-01-01 00:00:00+00:00,2024-12-03 11:56:35.270755+00:00,5.0,66.22.226.88,68.234
174,2024-12-03 04:57:00.498070,173.pcapng,1,2024-12-03 11:56:47.597666+00:00,1970-01-01 00:00:00+00:00,2024-12-03 11:56:47.597666+00:00,0.12323904037475586,66.22.226.100,68.161
175,2024-12-03 04:57:12.999296,174.pcapng,1,2024-12-03 11:57:00.798826+00:00,1970-01-01 00:00:00+00:00,2024-12-03 11:57:00.798826+00:00,5.0,66.22.226.100,65.278
176,2024-12-03 04:57:24.978626,175.pcapng,0,2024-12-03 11:57:13.172878+00:00,1970-01-01 00:00:00+00:00,2024-12-03 11:57:13.172878+00:00,5.0,NO IP TO PING
177,2024-12-03 04:57:37.334922,176.pcapng,0,2024-12-03 11:57:25.144865+00:00,1970-01-01 00:00:00+00:00,2024-12-03 11:57:25.144865+00:00,5.0,NO IP TO PING
178,2024-12-03 04:57:49.429171,177.pcapng,0,2024-12-03 11:57:37.743801+00:00,1970-01-01 00:00:00+00:00,2024-12-03 11:57:37.771912+00:00,5.0,NO IP TO PING
179,2024-12-03 04:58:01.752084,178.pcapng,0,2024-12-03 11:57:51.287372+00:00,1970-01-01 00:00:00+00:00,2024-12-03 11:57:51.347520+00:00,5.0,NO IP TO PING
180,2024-12-03 04:58:13.808917,179.pcapng,0,2024-12-03 11:58:01.920732+00:00,1970-01-01 00:00:00+00:00,2024-12-03 11:58:01.920732+00:00,5.0,NO IP TO PING
181,2024-12-03 04:58:25.878437,180.pcapng,0,2024-12-03 11:58:14.124339+00:00,1970-01-01 00:00:00+00:00,2024-12-03 11:58:14.124339+00:00,5.0,NO IP TO PING
182,2024-12-03 04:58:38.816624,181.pcapng,1,2024-12-03 11:58:26.044156+00:00,1970-01-01 00:00:00+00:00,2024-12-03 11:58:26.071201+00:00,-2.918372869491577,66.22.227.65,63.377
183,2024-12-03 04:58:51.334939,182.pcapng,1,2024-12-03 11:58:38.979182+00:00,1970-01-01 00:00:00+00:00,2024-12-03 11:58:38.979182+00:00,5.0,66.22.227.65,63.412
184,2024-12-03 04:59:03.989459,183.pcapng,1,2024-12-03 11:58:51.496320+00:00,1970-01-01 00:00:00+00:00,2024-12-03 11:58:51.496320+00:00,0.12602496147155762,66.22.226.31,64.324
185,2024-12-03 04:59:16.411700,184.pcapng,1,2024-12-03 11:59:04.151976+00:00,1970-01-01 00:00:00+00:00,2024-12-03 11:59:04.151976+00:00,5.0,66.22.226.31,65.217
186,2024-12-03 04:59:28.505060,185.pcapng,0,2024-12-03 11:59:17.091598+00:00,1970-01-01 00:00:00+00:00,2024-12-03 11:59:17.132814+00:00,5.0,NO IP TO PING
187,2024-12-03 04:59:40.648867,186.pcapng,0,2024-12-03 11:59:28.662759+00:00,1970-01-01 00:00:00+00:00,2024-12-03 11:59:28.662759+00:00,5.0,NO IP TO PING
188,2024-12-03 04:59:53.704291,187.pcapng,1,2024-12-03 11:59:40.818307+00:00,1970-01-01 00:00:00+00:00,2024-12-03 11:59:40.818307+00:00,-3.0158629417419434,66.22.226.38,67.175
189,2024-12-03 05:00:05.671410,188.pcapng,0,2024-12-03 11:59:53.888203+00:00,1970-01-01 00:00:00+00:00,2024-12-03 11:59:53.888203+00:00,5.0,NO IP TO PING
190,2024-12-03 05:00:18.407730,189.pcapng,1,2024-12-03 12:00:05.832487+00:00,1970-01-01 00:00:00+00:00,2024-12-03 12:00:05.832487+00:00,0.2561619281768799,66.22.227.52,66.271
191,2024-12-03 05:00:30.824606,190.pcapng,1,2024-12-03 12:00:19.031329+00:00,1970-01-01 00:00:00+00:00,2024-12-03 12:00:19.031329+00:00,5.0,66.22.227.52,67.584
192,2024-12-03 05:00:42.798990,191.pcapng,0,2024-12-03 12:00:30.980787+00:00,1970-01-01 00:00:00+00:00,2024-12-03 12:00:30.992737+00:00,5.0,NO IP TO PING
193,2024-12-03 05:00:54.939187,192.pcapng,0,2024-12-03 12:00:42.987183+00:00,1970-01-01 00:00:00+00:00,2024-12-03 12:00:43.023533+00:00,5.0,NO IP TO PING
194,2024-12-03 05:01:07.257617,193.pcapng,0,2024-12-03 12:00:55.552620+00:00,1970-01-01 00:00:00+00:00,2024-12-03 12:00:56.345697+00:00,5.0,NO IP TO PING
195,2024-12-03 05:01:19.216302,194.pcapng,0,2024-12-03 12:01:07.420269+00:00,1970-01-01 00:00:00+00:00,2024-12-03 12:01:07.420269+00:00,5.0,NO IP TO PING
196,2024-12-03 05:01:31.275471,195.pcapng,0,2024-12-03 12:01:19.814260+00:00,1970-01-01 00:00:00+00:00,2024-12-03 12:01:19.846341+00:00,5.0,NO IP TO PING
197,2024-12-03 05:01:43.980908,196.pcapng,1,2024-12-03 12:01:32.875744+00:00,1970-01-01 00:00:00+00:00,2024-12-03 12:01:32.901298+00:00,-3.366201162338257,66.22.226.66,67.512
198,2024-12-03 05:01:56.557158,197.pcapng,1,2024-12-03 12:01:44.136277+00:00,1970-01-01 00:00:00+00:00,2024-12-03 12:01:44.136277+00:00,5.0,66.22.226.66,63.98
199,2024-12-03 05:02:08.956298,198.pcapng,0,2024-12-03 12:01:57.587679+00:00,1970-01-01 00:00:00+00:00,2024-12-03 12:01:57.621665+00:00,5.0,NO IP TO PING
200,2024-12-03 05:02:21.838284,199.pcapng,1,2024-12-03 12:02:11.063540+00:00,1970-01-01 00:00:00+00:00,2024-12-03 12:02:13.693995+00:00,-3.9496569633483887,66.22.227.25,63.104
201,2024-12-03 05:02:34.441079,200.pcapng,1,2024-12-03 12:02:21.998319+00:00,1970-01-01 00:00:00+00:00,2024-12-03 12:02:21.998319+00:00,5.0,66.22.227.25,66.464
202,2024-12-03 05:02:46.360855,201.pcapng,0,2024-12-03 12:02:34.617099+00:00,1970-01-01 00:00:00+00:00,2024-12-03 12:02:34.772378+00:00,5.0,NO IP TO PING
203,2024-12-03 05:02:59.090029,202.pcapng,1,2024-12-03 12:02:46.530204+00:00,1970-01-01 00:00:00+00:00,2024-12-03 12:02:46.530204+00:00,0.20348000526428223,66.22.227.12,64.979
204,2024-12-03 05:03:11.763709,203.pcapng,1,2024-12-03 12:02:59.913211+00:00,1970-01-01 00:00:00+00:00,2024-12-03 12:02:59.913211+00:00,5.0,66.22.227.12,63.184
205,2024-12-03 05:03:23.793997,204.pcapng,0,2024-12-03 12:03:12.718043+00:00,1970-01-01 00:00:00+00:00,2024-12-03 12:03:16.282812+00:00,5.0,NO IP TO PING
206,2024-12-03 05:03:35.943492,205.pcapng,0,2024-12-03 12:03:23.955125+00:00,1970-01-01 00:00:00+00:00,2024-12-03 12:03:23.955125+00:00,5.0,NO IP TO PING
207,2024-12-03 05:03:47.835920,206.pcapng,0,2024-12-03 12:03:40.179774+00:00,1970-01-01 00:00:00+00:00,2024-12-03 12:03:40.772694+00:00,5.0,NO IP TO PING
208,2024-12-03 05:03:59.884785,207.pcapng,0,2024-12-03 12:03:48.014304+00:00,1970-01-01 00:00:00+00:00,2024-12-03 12:03:48.014304+00:00,5.0,NO IP TO PING
209,2024-12-03 05:04:11.994339,208.pcapng,0,2024-12-03 12:04:00.037703+00:00,1970-01-01 00:00:00+00:00,2024-12-03 12:04:00.060662+00:00,5.0,NO IP TO PING
210,2024-12-03 05:04:25.075965,209.pcapng,1,2024-12-03 12:04:12.140551+00:00,1970-01-01 00:00:00+00:00,2024-12-03 12:04:12.140551+00:00,-4.2322258949279785,66.22.226.8,63.421
211,2024-12-03 05:04:37.762123,210.pcapng,1,2024-12-03 12:04:25.248980+00:00,1970-01-01 00:00:00+00:00,2024-12-03 12:04:25.248980+00:00,5.0,66.22.226.8,66.547
212,2024-12-03 05:04:49.647570,211.pcapng,0,2024-12-03 12:04:38.875239+00:00,1970-01-01 00:00:00+00:00,2024-12-03 12:04:42.646523+00:00,5.0,NO IP TO PING
213,2024-12-03 05:05:01.990979,212.pcapng,0,2024-12-03 12:04:49.802532+00:00,1970-01-01 00:00:00+00:00,2024-12-03 12:04:49.802532+00:00,5.0,NO IP TO PING
214,2024-12-03 05:05:15.124684,213.pcapng,1,2024-12-03 12:05:02.174585+00:00,1970-01-01 00:00:00+00:00,2024-12-03 12:05:02.174585+00:00,-3.8561408519744873,66.22.227.58,65.365
215,2024-12-03 05:05:27.812698,214.pcapng,1,2024-12-03 12:05:15.280573+00:00,1970-01-01 00:00:00+00:00,2024-12-03 12:05:15.280573+00:00,5.0,66.22.227.58,64.995
216,2024-12-03 05:05:39.872032,215.pcapng,0,2024-12-03 12:05:28.359334+00:00,1970-01-01 00:00:00+00:00,2024-12-03 12:05:28.390275+00:00,5.0,NO IP TO PING
217,2024-12-03 05:05:52.369497,216.pcapng,0,2024-12-03 12:05:40.016268+00:00,1970-01-01 00:00:00+00:00,2024-12-03 12:05:40.016268+00:00,5.0,NO IP TO PING
218,2024-12-03 05:06:04.345017,217.pcapng,0,2024-12-03 12:05:56.275681+00:00,1970-01-01 00:00:00+00:00,2024-12-03 12:05:56.845880+00:00,5.0,NO IP TO PING
219,2024-12-03 05:06:16.344052,218.pcapng,0,2024-12-03 12:06:05.496086+00:00,1970-01-01 00:00:00+00:00,2024-12-03 12:06:05.524979+00:00,5.0,NO IP TO PING
220,2024-12-03 05:06:28.306654,219.pcapng,0,2024-12-03 12:06:16.503907+00:00,1970-01-01 00:00:00+00:00,2024-12-03 12:06:16.503907+00:00,5.0,NO IP TO PING
221,2024-12-03 05:06:40.428306,220.pcapng,0,2024-12-03 12:06:28.467959+00:00,1970-01-01 00:00:00+00:00,2024-12-03 12:06:28.467959+00:00,5.0,NO IP TO PING
222,2024-12-03 05:06:52.914308,221.pcapng,0,2024-12-03 12:06:40.762602+00:00,1970-01-01 00:00:00+00:00,2024-12-03 12:06:40.786261+00:00,5.0,NO IP TO PING
223,2024-12-03 05:07:05.905181,222.pcapng,1,2024-12-03 12:06:54.324181+00:00,1970-01-01 00:00:00+00:00,2024-12-03 12:06:54.354584+00:00,-3.570847988128662,66.22.227.7,67.787
224,2024-12-03 05:07:18.341189,223.pcapng,1,2024-12-03 12:07:06.465259+00:00,1970-01-01 00:00:00+00:00,2024-12-03 12:07:06.465259+00:00,5.0,66.22.227.7,66.934
225,2024-12-03 05:07:30.360140,224.pcapng,0,2024-12-03 12:07:18.513331+00:00,1970-01-01 00:00:00+00:00,2024-12-03 12:07:18.513331+00:00,5.0,NO IP TO PING
226,2024-12-03 05:07:42.705067,225.pcapng,0,2024-12-03 12:07:30.538156+00:00,1970-01-01 00:00:00+00:00,2024-12-03 12:07:30.538156+00:00,5.0,NO IP TO PING
227,2024-12-03 05:07:54.780208,226.pcapng,0,2024-12-03 12:07:42.873828+00:00,1970-01-01 00:00:00+00:00,2024-12-03 12:07:42.873828+00:00,5.0,NO IP TO PING
228,2024-12-03 05:08:07.462345,227.pcapng,1,2024-12-03 12:07:56.482870+00:00,1970-01-01 00:00:00+00:00,2024-12-03 12:07:59.712604+00:00,-2.8602659702301025,66.22.226.11,99.106
229,2024-12-03 05:08:19.824963,228.pcapng,1,2024-12-03 12:08:07.616694+00:00,1970-01-01 00:00:00+00:00,2024-12-03 12:08:07.616694+00:00,5.0,66.22.226.11,68.006
230,2024-12-03 05:08:32.468732,229.pcapng,1,2024-12-03 12:08:20.306067+00:00,1970-01-01 00:00:00+00:00,2024-12-03 12:08:20.336471+00:00,0.11461710929870605,66.22.226.94,63.845
231,2024-12-03 05:08:44.864786,230.pcapng,1,2024-12-03 12:08:33.171564+00:00,1970-01-01 00:00:00+00:00,2024-12-03 12:08:33.171564+00:00,5.0,66.22.226.94,70.812
232,2024-12-03 05:08:56.806540,231.pcapng,0,2024-12-03 12:08:45.035488+00:00,1970-01-01 00:00:00+00:00,2024-12-03 12:08:45.035488+00:00,5.0,NO IP TO PING
233,2024-12-03 05:09:08.987972,232.pcapng,0,2024-12-03 12:08:56.964632+00:00,1970-01-01 00:00:00+00:00,2024-12-03 12:08:56.964632+00:00,5.0,NO IP TO PING
234,2024-12-03 05:09:21.342809,233.pcapng,0,2024-12-03 12:09:10.291450+00:00,1970-01-01 00:00:00+00:00,2024-12-03 12:09:10.684827+00:00,5.0,NO IP TO PING
235,2024-12-03 05:09:34.159406,234.pcapng,1,2024-12-03 12:09:21.539274+00:00,1970-01-01 00:00:00+00:00,2024-12-03 12:09:21.553674+00:00,-2.4753079414367676,66.22.227.26,67.349
236,2024-12-03 05:09:46.783693,235.pcapng,2,2024-12-03 12:09:34.915742+00:00,1970-01-01 00:00:00+00:00,2024-12-03 12:09:34.915742+00:00,-2.548417091369629,66.22.226.123,68.837
237,2024-12-03 05:09:59.370878,236.pcapng,2,2024-12-03 12:09:46.956851+00:00,1970-01-01 00:00:00+00:00,2024-12-03 12:09:46.956851+00:00,0.13684916496276855,66.22.226.64,66.249
238,2024-12-03 05:10:11.961038,237.pcapng,1,2024-12-03 12:09:59.567374+00:00,1970-01-01 00:00:00+00:00,2024-12-03 12:09:59.567374+00:00,5.0,66.22.226.64,66.028
239,2024-12-03 05:10:24.145290,238.pcapng,0,2024-12-03 12:10:12.127539+00:00,1970-01-01 00:00:00+00:00,2024-12-03 12:10:12.127539+00:00,5.0,NO IP TO PING
240,2024-12-03 05:10:36.565393,239.pcapng,0,2024-12-03 12:10:24.307253+00:00,1970-01-01 00:00:00+00:00,2024-12-03 12:10:24.307253+00:00,5.0,NO IP TO PING
241,2024-12-03 05:10:49.586975,240.pcapng,1,2024-12-03 12:10:36.845566+00:00,1970-01-01 00:00:00+00:00,2024-12-03 12:10:37.602211+00:00,-3.890347957611084,66.22.226.56,65.46
242,2024-12-03 05:11:02.262097,241.pcapng,1,2024-12-03 12:10:50.125336+00:00,1970-01-01 00:00:00+00:00,2024-12-03 12:10:50.125336+00:00,5.0,66.22.226.56,63.537
243,2024-12-03 05:11:15.085753,242.pcapng,1,2024-12-03 12:11:02.409350+00:00,1970-01-01 00:00:00+00:00,2024-12-03 12:11:02.409350+00:00,0.12407207489013672,66.22.227.18,65.823
244,2024-12-03 05:11:27.718468,243.pcapng,1,2024-12-03 12:11:15.827285+00:00,1970-01-01 00:00:00+00:00,2024-12-03 12:11:15.827285+00:00,5.0,66.22.227.18,65.551
245,2024-12-03 05:11:39.771455,244.pcapng,0,2024-12-03 12:11:27.911850+00:00,1970-01-01 00:00:00+00:00,2024-12-03 12:11:27.949028+00:00,5.0,NO IP TO PING
246,2024-12-03 05:11:51.842239,245.pcapng,0,2024-12-03 12:11:39.931350+00:00,1970-01-01 00:00:00+00:00,2024-12-03 12:11:39.931350+00:00,5.0,NO IP TO PING
247,2024-12-03 05:12:03.973296,246.pcapng,0,2024-12-03 12:11:52.003290+00:00,1970-01-01 00:00:00+00:00,2024-12-03 12:11:52.003290+00:00,5.0,NO IP TO PING
248,2024-12-03 05:12:16.300832,247.pcapng,0,2024-12-03 12:12:05.182425+00:00,1970-01-01 00:00:00+00:00,2024-12-03 12:12:05.212930+00:00,5.0,NO IP TO PING
249,2024-12-03 05:12:29.139645,248.pcapng,1,2024-12-03 12:12:16.464176+00:00,1970-01-01 00:00:00+00:00,2024-12-03 12:12:16.464176+00:00,-3.0793538093566895,66.22.227.31,69.072
250,2024-12-03 05:12:41.892565,249.pcapng,1,2024-12-03 12:12:29.295977+00:00,1970-01-01 00:00:00+00:00,2024-12-03 12:12:29.295977+00:00,5.0,66.22.227.31,64.812
251,2024-12-03 05:12:53.977478,250.pcapng,0,2024-12-03 12:12:42.053532+00:00,1970-01-01 00:00:00+00:00,2024-12-03 12:12:42.053532+00:00,5.0,NO IP TO PING
252,2024-12-03 05:13:06.998741,251.pcapng,1,2024-12-03 12:12:54.154933+00:00,1970-01-01 00:00:00+00:00,2024-12-03 12:12:54.154933+00:00,-3.0144810676574707,66.22.227.21,67.272
253,2024-12-03 05:13:19.714874,252.pcapng,1,2024-12-03 12:13:07.389043+00:00,1970-01-01 00:00:00+00:00,2024-12-03 12:13:07.389043+00:00,5.0,66.22.227.21,67.112
254,2024-12-03 05:13:31.661755,253.pcapng,0,2024-12-03 12:13:19.884763+00:00,1970-01-01 00:00:00+00:00,2024-12-03 12:13:19.884763+00:00,5.0,NO IP TO PING
255,2024-12-03 05:13:44.337468,254.pcapng,1,2024-12-03 12:13:31.826616+00:00,1970-01-01 00:00:00+00:00,2024-12-03 12:13:31.826616+00:00,-3.7754600048065186,66.22.227.34,76.184
256,2024-12-03 05:13:56.969026,255.pcapng,1,2024-12-03 12:13:44.513464+00:00,1970-01-01 00:00:00+00:00,2024-12-03 12:13:44.513464+00:00,5.0,66.22.227.34,78.039
257,2024-12-03 05:14:08.848803,256.pcapng,0,2024-12-03 12:13:57.125340+00:00,1970-01-01 00:00:00+00:00,2024-12-03 12:13:57.125340+00:00,5.0,NO IP TO PING
258,2024-12-03 05:14:20.889199,257.pcapng,0,2024-12-03 12:14:09.018733+00:00,1970-01-01 00:00:00+00:00,2024-12-03 12:14:09.038025+00:00,5.0,NO IP TO PING
259,2024-12-03 05:14:32.847829,258.pcapng,0,2024-12-03 12:14:25.137484+00:00,1970-01-01 00:00:00+00:00,2024-12-03 12:14:25.373998+00:00,5.0,NO IP TO PING
260,2024-12-03 05:14:45.017037,259.pcapng,0,2024-12-03 12:14:33.017822+00:00,1970-01-01 00:00:00+00:00,2024-12-03 12:14:33.017822+00:00,5.0,NO IP TO PING
261,2024-12-03 05:14:57.119431,260.pcapng,0,2024-12-03 12:14:47.673419+00:00,1970-01-01 00:00:00+00:00,2024-12-03 12:14:49.505684+00:00,5.0,NO IP TO PING
262,2024-12-03 05:15:09.511917,261.pcapng,0,2024-12-03 12:14:57.291167+00:00,1970-01-01 00:00:00+00:00,2024-12-03 12:14:57.291167+00:00,5.0,NO IP TO PING
263,2024-12-03 05:15:21.546037,262.pcapng,0,2024-12-03 12:15:13.279304+00:00,1970-01-01 00:00:00+00:00,2024-12-03 12:15:14.023545+00:00,5.0,NO IP TO PING
264,2024-12-03 05:15:33.874770,263.pcapng,0,2024-12-03 12:15:21.709582+00:00,1970-01-01 00:00:00+00:00,2024-12-03 12:15:21.709582+00:00,5.0,NO IP TO PING
265,2024-12-03 05:15:45.838179,264.pcapng,0,2024-12-03 12:15:34.054383+00:00,1970-01-01 00:00:00+00:00,2024-12-03 12:15:34.054383+00:00,5.0,NO IP TO PING
266,2024-12-03 05:15:58.006108,265.pcapng,0,2024-12-03 12:15:47.407762+00:00,1970-01-01 00:00:00+00:00,2024-12-03 12:15:47.425858+00:00,5.0,NO IP TO PING
267,2024-12-03 05:16:10.391824,266.pcapng,0,2024-12-03 12:15:58.613341+00:00,1970-01-01 00:00:00+00:00,2024-12-03 12:15:58.645696+00:00,5.0,NO IP TO PING
268,2024-12-03 05:16:22.517663,267.pcapng,0,2024-12-03 12:16:11.370055+00:00,1970-01-01 00:00:00+00:00,2024-12-03 12:16:11.404403+00:00,5.0,NO IP TO PING
269,2024-12-03 05:16:35.480241,268.pcapng,1,2024-12-03 12:16:23.258237+00:00,1970-01-01 00:00:00+00:00,2024-12-03 12:16:23.725612+00:00,-4.317900896072388,66.22.227.120,69.127
270,2024-12-03 05:16:47.898848,269.pcapng,1,2024-12-03 12:16:36.057147+00:00,1970-01-01 00:00:00+00:00,2024-12-03 12:16:36.057147+00:00,5.0,66.22.227.120,69.891
271,2024-12-03 05:17:00.609563,270.pcapng,1,2024-12-03 12:16:48.058905+00:00,1970-01-01 00:00:00+00:00,2024-12-03 12:16:48.058905+00:00,0.1307690143585205,66.22.226.26,63.667
272,2024-12-03 05:17:13.504003,271.pcapng,2,2024-12-03 12:17:00.770686+00:00,1970-01-01 00:00:00+00:00,2024-12-03 12:17:00.770686+00:00,-3.540066957473755,66.22.226.15,66.55
273,2024-12-03 05:17:25.835296,272.pcapng,1,2024-12-03 12:17:13.753142+00:00,1970-01-01 00:00:00+00:00,2024-12-03 12:17:13.753142+00:00,5.0,66.22.226.15,63.666
274,2024-12-03 05:17:37.834826,273.pcapng,0,2024-12-03 12:17:26.003154+00:00,1970-01-01 00:00:00+00:00,2024-12-03 12:17:26.003154+00:00,5.0,NO IP TO PING
275,2024-12-03 05:17:49.937571,274.pcapng,0,2024-12-03 12:17:38.609296+00:00,1970-01-01 00:00:00+00:00,2024-12-03 12:17:38.643120+00:00,5.0,NO IP TO PING
276,2024-12-03 05:18:03.039676,275.pcapng,1,2024-12-03 12:17:51.389677+00:00,1970-01-01 00:00:00+00:00,2024-12-03 12:17:51.424982+00:00,-2.430850028991699,66.22.227.92,63.759
277,2024-12-03 05:18:15.677064,276.pcapng,1,2024-12-03 12:18:03.364320+00:00,1970-01-01 00:00:00+00:00,2024-12-03 12:18:03.364320+00:00,5.0,66.22.227.92,63.4
278,2024-12-03 05:18:27.564757,277.pcapng,0,2024-12-03 12:18:19.948841+00:00,1970-01-01 00:00:00+00:00,2024-12-03 12:18:20.208333+00:00,5.0,NO IP TO PING
279,2024-12-03 05:18:40.584267,278.pcapng,1,2024-12-03 12:18:27.734233+00:00,1970-01-01 00:00:00+00:00,2024-12-03 12:18:27.734233+00:00,-3.6331639289855957,66.22.227.39,64.914
280,2024-12-03 05:18:53.300118,279.pcapng,1,2024-12-03 12:18:41.106945+00:00,1970-01-01 00:00:00+00:00,2024-12-03 12:18:41.106945+00:00,5.0,66.22.227.39,66.245
281,2024-12-03 05:19:05.216210,280.pcapng,0,2024-12-03 12:18:53.909671+00:00,1970-01-01 00:00:00+00:00,2024-12-03 12:18:53.909671+00:00,5.0,NO IP TO PING
282,2024-12-03 05:19:17.499299,281.pcapng,0,2024-12-03 12:19:05.377815+00:00,1970-01-01 00:00:00+00:00,2024-12-03 12:19:05.377815+00:00,5.0,NO IP TO PING
283,2024-12-03 05:19:29.604878,282.pcapng,0,2024-12-03 12:19:21.139701+00:00,1970-01-01 00:00:00+00:00,2024-12-03 12:19:22.299986+00:00,5.0,NO IP TO PING
284,2024-12-03 05:19:42.690737,283.pcapng,1,2024-12-03 12:19:29.765745+00:00,1970-01-01 00:00:00+00:00,2024-12-03 12:19:29.765745+00:00,-2.5492281913757324,66.22.227.35,74.328
285,2024-12-03 05:19:55.239639,284.pcapng,1,2024-12-03 12:19:42.851925+00:00,1970-01-01 00:00:00+00:00,2024-12-03 12:19:42.851925+00:00,5.0,66.22.227.35,65.431
286,2024-12-03 05:20:07.260828,285.pcapng,0,2024-12-03 12:19:55.423103+00:00,1970-01-01 00:00:00+00:00,2024-12-03 12:19:55.423103+00:00,5.0,NO IP TO PING
287,2024-12-03 05:20:19.438434,286.pcapng,0,2024-12-03 12:20:07.431601+00:00,1970-01-01 00:00:00+00:00,2024-12-03 12:20:07.431601+00:00,5.0,NO IP TO PING
288,2024-12-03 05:20:31.852072,287.pcapng,0,2024-12-03 12:20:19.572198+00:00,1970-01-01 00:00:00+00:00,2024-12-03 12:20:19.572198+00:00,5.0,NO IP TO PING
289,2024-12-03 05:20:43.996578,288.pcapng,0,2024-12-03 12:20:32.148367+00:00,1970-01-01 00:00:00+00:00,2024-12-03 12:20:32.988786+00:00,5.0,NO IP TO PING
290,2024-12-03 05:20:56.389864,289.pcapng,0,2024-12-03 12:20:44.140264+00:00,1970-01-01 00:00:00+00:00,2024-12-03 12:20:44.140264+00:00,5.0,NO IP TO PING
291,2024-12-03 05:21:09.114914,290.pcapng,1,2024-12-03 12:21:00.656540+00:00,1970-01-01 00:00:00+00:00,2024-12-03 12:21:00.884172+00:00,-2.314412832260132,66.22.226.113,66.65
292,2024-12-03 05:21:21.839245,291.pcapng,1,2024-12-03 12:21:09.470314+00:00,1970-01-01 00:00:00+00:00,2024-12-03 12:21:09.470314+00:00,5.0,66.22.226.113,66.494
293,2024-12-03 05:21:34.456462,292.pcapng,1,2024-12-03 12:21:22.024511+00:00,1970-01-01 00:00:00+00:00,2024-12-03 12:21:22.060051+00:00,0.13654685020446777,66.22.226.114,67.199
294,2024-12-03 05:21:46.978935,293.pcapng,1,2024-12-03 12:21:34.609505+00:00,1970-01-01 00:00:00+00:00,2024-12-03 12:21:34.609505+00:00,5.0,66.22.226.114,63.465
295,2024-12-03 05:21:59.067765,294.pcapng,0,2024-12-03 12:21:47.171655+00:00,1970-01-01 00:00:00+00:00,2024-12-03 12:21:47.171655+00:00,5.0,NO IP TO PING
296,2024-12-03 05:22:11.386549,295.pcapng,0,2024-12-03 12:21:59.276608+00:00,1970-01-01 00:00:00+00:00,2024-12-03 12:21:59.299913+00:00,5.0,NO IP TO PING
297,2024-12-03 05:22:23.434230,296.pcapng,0,2024-12-03 12:22:11.676971+00:00,1970-01-01 00:00:00+00:00,2024-12-03 12:22:11.676971+00:00,5.0,NO IP TO PING
298,2024-12-03 05:22:35.386156,297.pcapng,0,2024-12-03 12:22:23.644811+00:00,1970-01-01 00:00:00+00:00,2024-12-03 12:22:23.644811+00:00,5.0,NO IP TO PING
299,2024-12-03 05:22:47.507217,298.pcapng,0,2024-12-03 12:22:35.945604+00:00,1970-01-01 00:00:00+00:00,2024-12-03 12:22:35.984452+00:00,5.0,NO IP TO PING
300,2024-12-03 05:22:59.917815,299.pcapng,0,2024-12-03 12:22:48.998371+00:00,1970-01-01 00:00:00+00:00,2024-12-03 12:22:49.030169+00:00,5.0,NO IP TO PING
301,2024-12-03 05:23:12.272194,300.pcapng,0,2024-12-03 12:23:01.197761+00:00,1970-01-01 00:00:00+00:00,2024-12-03 12:23:01.232133+00:00,5.0,NO IP TO PING
302,2024-12-03 05:23:25.103010,301.pcapng,1,2024-12-03 12:23:12.437052+00:00,1970-01-01 00:00:00+00:00,2024-12-03 12:23:12.437052+00:00,-3.047417163848877,66.22.226.73,67.249
303,2024-12-03 05:23:37.812025,302.pcapng,1,2024-12-03 12:23:25.267351+00:00,1970-01-01 00:00:00+00:00,2024-12-03 12:23:25.267351+00:00,5.0,66.22.226.73,66.94
304,2024-12-03 05:23:49.829737,303.pcapng,0,2024-12-03 12:23:38.223679+00:00,1970-01-01 00:00:00+00:00,2024-12-03 12:23:38.760609+00:00,5.0,NO IP TO PING
305,2024-12-03 05:24:01.956206,304.pcapng,0,2024-12-03 12:23:50.028529+00:00,1970-01-01 00:00:00+00:00,2024-12-03 12:23:50.051524+00:00,5.0,NO IP TO PING
306,2024-12-03 05:24:14.874379,305.pcapng,1,2024-12-03 12:24:03.189024+00:00,1970-01-01 00:00:00+00:00,2024-12-03 12:24:06.643464+00:00,-3.9136931896209717,66.22.227.91,70.434
307,2024-12-03 05:24:27.520161,306.pcapng,2,2024-12-03 12:24:15.211302+00:00,1970-01-01 00:00:00+00:00,2024-12-03 12:24:15.211302+00:00,0.17759084701538086,66.22.227.88,63.042
308,2024-12-03 05:24:39.971421,307.pcapng,1,2024-12-03 12:24:28.218656+00:00,1970-01-01 00:00:00+00:00,2024-12-03 12:24:28.218656+00:00,5.0,66.22.227.88,67.103
309,2024-12-03 05:24:52.186607,308.pcapng,0,2024-12-03 12:24:40.148604+00:00,1970-01-01 00:00:00+00:00,2024-12-03 12:24:40.148604+00:00,5.0,NO IP TO PING
310,2024-12-03 05:25:04.269982,309.pcapng,0,2024-12-03 12:24:52.348392+00:00,1970-01-01 00:00:00+00:00,2024-12-03 12:24:52.348392+00:00,5.0,NO IP TO PING
311,2024-12-03 05:25:16.260770,310.pcapng,0,2024-12-03 12:25:04.431985+00:00,1970-01-01 00:00:00+00:00,2024-12-03 12:25:04.431985+00:00,5.0,NO IP TO PING
312,2024-12-03 05:25:28.358081,311.pcapng,0,2024-12-03 12:25:16.421545+00:00,1970-01-01 00:00:00+00:00,2024-12-03 12:25:16.421545+00:00,5.0,NO IP TO PING
313,2024-12-03 05:25:40.462914,312.pcapng,0,2024-12-03 12:25:28.528677+00:00,1970-01-01 00:00:00+00:00,2024-12-03 12:25:28.528677+00:00,5.0,NO IP TO PING
314,2024-12-03 05:25:52.634535,313.pcapng,0,2024-12-03 12:25:41.075240+00:00,1970-01-01 00:00:00+00:00,2024-12-03 12:25:41.107563+00:00,5.0,NO IP TO PING
315,2024-12-03 05:26:05.059585,314.pcapng,0,2024-12-03 12:25:52.808496+00:00,1970-01-01 00:00:00+00:00,2024-12-03 12:25:52.808496+00:00,5.0,NO IP TO PING
316,2024-12-03 05:26:17.472908,315.pcapng,0,2024-12-03 12:26:06.134008+00:00,1970-01-01 00:00:00+00:00,2024-12-03 12:26:06.166081+00:00,5.0,NO IP TO PING
317,2024-12-03 05:26:29.783875,316.pcapng,0,2024-12-03 12:26:18.685759+00:00,1970-01-01 00:00:00+00:00,2024-12-03 12:26:18.707313+00:00,5.0,NO IP TO PING
318,2024-12-03 05:26:41.801641,317.pcapng,0,2024-12-03 12:26:30.004415+00:00,1970-01-01 00:00:00+00:00,2024-12-03 12:26:30.004415+00:00,5.0,NO IP TO PING
319,2024-12-03 05:26:53.889964,318.pcapng,0,2024-12-03 12:26:41.953956+00:00,1970-01-01 00:00:00+00:00,2024-12-03 12:26:41.953956+00:00,5.0,NO IP TO PING
320,2024-12-03 05:27:06.080179,319.pcapng,0,2024-12-03 12:26:54.998857+00:00,1970-01-01 00:00:00+00:00,2024-12-03 12:26:55.720144+00:00,5.0,NO IP TO PING
321,2024-12-03 05:27:18.430247,320.pcapng,0,2024-12-03 12:27:06.260804+00:00,1970-01-01 00:00:00+00:00,2024-12-03 12:27:06.260804+00:00,5.0,NO IP TO PING
322,2024-12-03 05:27:30.725502,321.pcapng,0,2024-12-03 12:27:19.103399+00:00,1970-01-01 00:00:00+00:00,2024-12-03 12:27:19.141984+00:00,5.0,NO IP TO PING
323,2024-12-03 05:27:42.771322,322.pcapng,0,2024-12-03 12:27:30.886571+00:00,1970-01-01 00:00:00+00:00,2024-12-03 12:27:30.886571+00:00,5.0,NO IP TO PING
324,2024-12-03 05:27:54.899414,323.pcapng,0,2024-12-03 12:27:43.399795+00:00,1970-01-01 00:00:00+00:00,2024-12-03 12:27:43.430985+00:00,5.0,NO IP TO PING
325,2024-12-03 05:28:07.912033,324.pcapng,1,2024-12-03 12:27:55.804316+00:00,1970-01-01 00:00:00+00:00,2024-12-03 12:27:55.834338+00:00,-3.9803621768951416,66.22.226.110,63.668
326,2024-12-03 05:28:20.776161,325.pcapng,1,2024-12-03 12:28:08.459499+00:00,1970-01-01 00:00:00+00:00,2024-12-03 12:28:08.459499+00:00,5.0,66.22.226.110,67.325
327,2024-12-03 05:28:33.354516,326.pcapng,1,2024-12-03 12:28:20.968710+00:00,1970-01-01 00:00:00+00:00,2024-12-03 12:28:21.001939+00:00,0.1466078758239746,66.22.226.5,65.077
328,2024-12-03 05:28:45.918244,327.pcapng,1,2024-12-03 12:28:33.535267+00:00,1970-01-01 00:00:00+00:00,2024-12-03 12:28:33.535267+00:00,5.0,66.22.226.5,67.076
329,2024-12-03 05:28:57.788091,328.pcapng,0,2024-12-03 12:28:46.071992+00:00,1970-01-01 00:00:00+00:00,2024-12-03 12:28:46.071992+00:00,5.0,NO IP TO PING
330,2024-12-03 05:29:09.884930,329.pcapng,0,2024-12-03 12:28:57.954620+00:00,1970-01-01 00:00:00+00:00,2024-12-03 12:28:57.954620+00:00,5.0,NO IP TO PING
331,2024-12-03 05:29:21.864645,330.pcapng,0,2024-12-03 12:29:10.838750+00:00,1970-01-01 00:00:00+00:00,2024-12-03 12:29:14.666547+00:00,5.0,NO IP TO PING
332,2024-12-03 05:29:33.947634,331.pcapng,0,2024-12-03 12:29:22.028615+00:00,1970-01-01 00:00:00+00:00,2024-12-03 12:29:22.028615+00:00,5.0,NO IP TO PING
333,2024-12-03 05:29:46.335576,332.pcapng,0,2024-12-03 12:29:34.116548+00:00,1970-01-01 00:00:00+00:00,2024-12-03 12:29:35.713609+00:00,5.0,NO IP TO PING
334,2024-12-03 05:29:58.424972,333.pcapng,0,2024-12-03 12:29:46.509511+00:00,1970-01-01 00:00:00+00:00,2024-12-03 12:29:46.509511+00:00,5.0,NO IP TO PING
335,2024-12-03 05:30:10.690310,334.pcapng,0,2024-12-03 12:29:59.022948+00:00,1970-01-01 00:00:00+00:00,2024-12-03 12:29:59.052365+00:00,5.0,NO IP TO PING
336,2024-12-03 05:30:22.815857,335.pcapng,0,2024-12-03 12:30:11.665038+00:00,1970-01-01 00:00:00+00:00,2024-12-03 12:30:11.695084+00:00,5.0,NO IP TO PING
337,2024-12-03 05:30:35.685853,336.pcapng,1,2024-12-03 12:30:22.974384+00:00,1970-01-01 00:00:00+00:00,2024-12-03 12:30:22.974384+00:00,-3.941049098968506,66.22.226.44,69.7
338,2024-12-03 05:30:48.338791,337.pcapng,2,2024-12-03 12:30:36.370543+00:00,1970-01-01 00:00:00+00:00,2024-12-03 12:30:36.370543+00:00,-3.1649010181427,66.22.226.122,66.775
339,2024-12-03 05:31:00.813690,338.pcapng,1,2024-12-03 12:30:49.245690+00:00,1970-01-01 00:00:00+00:00,2024-12-03 12:30:49.245690+00:00,5.0,66.22.226.122,66.625
340,2024-12-03 05:31:12.876509,339.pcapng,0,2024-12-03 12:31:00.972111+00:00,1970-01-01 00:00:00+00:00,2024-12-03 12:31:00.972111+00:00,5.0,NO IP TO PING
341,2024-12-03 05:31:24.914441,340.pcapng,0,2024-12-03 12:31:13.085615+00:00,1970-01-01 00:00:00+00:00,2024-12-03 12:31:13.085615+00:00,5.0,NO IP TO PING
342,2024-12-03 05:31:37.161338,341.pcapng,0,2024-12-03 12:31:26.230254+00:00,1970-01-01 00:00:00+00:00,2024-12-03 12:31:26.253904+00:00,5.0,NO IP TO PING
343,2024-12-03 05:31:49.343326,342.pcapng,0,2024-12-03 12:31:37.352286+00:00,1970-01-01 00:00:00+00:00,2024-12-03 12:31:37.352286+00:00,5.0,NO IP TO PING
344,2024-12-03 05:32:01.252221,343.pcapng,0,2024-12-03 12:31:53.593513+00:00,1970-01-01 00:00:00+00:00,2024-12-03 12:31:53.834082+00:00,5.0,NO IP TO PING
345,2024-12-03 05:32:13.340766,344.pcapng,0,2024-12-03 12:32:01.429854+00:00,1970-01-01 00:00:00+00:00,2024-12-03 12:32:01.429854+00:00,5.0,NO IP TO PING
346,2024-12-03 05:32:25.310383,345.pcapng,0,2024-12-03 12:32:13.508968+00:00,1970-01-01 00:00:00+00:00,2024-12-03 12:32:13.508968+00:00,5.0,NO IP TO PING
347,2024-12-03 05:32:37.413133,346.pcapng,0,2024-12-03 12:32:25.481766+00:00,1970-01-01 00:00:00+00:00,2024-12-03 12:32:25.481766+00:00,5.0,NO IP TO PING
348,2024-12-03 05:32:50.534560,347.pcapng,1,2024-12-03 12:32:37.834341+00:00,1970-01-01 00:00:00+00:00,2024-12-03 12:32:37.858080+00:00,-3.156019926071167,66.22.227.5,69.156
349,2024-12-03 05:33:03.165012,348.pcapng,1,2024-12-03 12:32:50.702360+00:00,1970-01-01 00:00:00+00:00,2024-12-03 12:32:50.702360+00:00,5.0,66.22.227.5,69.518
350,2024-12-03 05:33:15.180243,349.pcapng,0,2024-12-03 12:33:04.267992+00:00,1970-01-01 00:00:00+00:00,2024-12-03 12:33:04.303029+00:00,5.0,NO IP TO PING
351,2024-12-03 05:33:27.334577,350.pcapng,0,2024-12-03 12:33:15.344822+00:00,1970-01-01 00:00:00+00:00,2024-12-03 12:33:15.344822+00:00,5.0,NO IP TO PING
352,2024-12-03 05:33:40.248724,351.pcapng,1,2024-12-03 12:33:27.501805+00:00,1970-01-01 00:00:00+00:00,2024-12-03 12:33:27.501805+00:00,-4.0254600048065186,66.22.226.43,65.517
353,2024-12-03 05:33:52.777785,352.pcapng,1,2024-12-03 12:33:40.476084+00:00,1970-01-01 00:00:00+00:00,2024-12-03 12:33:40.897909+00:00,5.0,66.22.226.43,64.942
354,2024-12-03 05:34:04.834601,353.pcapng,0,2024-12-03 12:33:52.950366+00:00,1970-01-01 00:00:00+00:00,2024-12-03 12:33:52.950366+00:00,5.0,NO IP TO PING
355,2024-12-03 05:34:17.450042,354.pcapng,1,2024-12-03 12:34:04.992147+00:00,1970-01-01 00:00:00+00:00,2024-12-03 12:34:04.992147+00:00,-2.6982319355010986,66.22.226.74,70.395
356,2024-12-03 05:34:30.185112,355.pcapng,1,2024-12-03 12:34:17.617361+00:00,1970-01-01 00:00:00+00:00,2024-12-03 12:34:17.617361+00:00,5.0,66.22.226.74,71.24
357,2024-12-03 05:34:42.158097,356.pcapng,0,2024-12-03 12:34:30.346477+00:00,1970-01-01 00:00:00+00:00,2024-12-03 12:34:30.355116+00:00,5.0,NO IP TO PING
358,2024-12-03 05:34:54.210424,357.pcapng,0,2024-12-03 12:34:42.313825+00:00,1970-01-01 00:00:00+00:00,2024-12-03 12:34:42.313825+00:00,5.0,NO IP TO PING
359,2024-12-03 05:35:06.199388,358.pcapng,0,2024-12-03 12:34:54.400858+00:00,1970-01-01 00:00:00+00:00,2024-12-03 12:34:54.400858+00:00,5.0,NO IP TO PING
360,2024-12-03 05:35:18.222076,359.pcapng,0,2024-12-03 12:35:06.367775+00:00,1970-01-01 00:00:00+00:00,2024-12-03 12:35:06.367775+00:00,5.0,NO IP TO PING
361,2024-12-03 05:35:31.074976,360.pcapng,1,2024-12-03 12:35:18.390652+00:00,1970-01-01 00:00:00+00:00,2024-12-03 12:35:18.390652+00:00,-3.4088029861450195,66.22.227.15,63.532
362,2024-12-03 05:35:43.834860,361.pcapng,1,2024-12-03 12:35:31.393950+00:00,1970-01-01 00:00:00+00:00,2024-12-03 12:35:31.393950+00:00,5.0,66.22.227.15,63.325
363,2024-12-03 05:35:55.835294,362.pcapng,0,2024-12-03 12:35:43.988098+00:00,1970-01-01 00:00:00+00:00,2024-12-03 12:35:43.988098+00:00,5.0,NO IP TO PING
364,2024-12-03 05:36:07.955861,363.pcapng,0,2024-12-03 12:35:55.998514+00:00,1970-01-01 00:00:00+00:00,2024-12-03 12:35:55.998514+00:00,5.0,NO IP TO PING
365,2024-12-03 05:36:20.035232,364.pcapng,0,2024-12-03 12:36:08.137261+00:00,1970-01-01 00:00:00+00:00,2024-12-03 12:36:08.137261+00:00,5.0,NO IP TO PING
366,2024-12-03 05:36:32.283627,365.pcapng,0,2024-12-03 12:36:20.194470+00:00,1970-01-01 00:00:00+00:00,2024-12-03 12:36:20.194470+00:00,5.0,NO IP TO PING
367,2024-12-03 05:36:44.414435,366.pcapng,0,2024-12-03 12:36:32.458768+00:00,1970-01-01 00:00:00+00:00,2024-12-03 12:36:32.458768+00:00,5.0,NO IP TO PING
368,2024-12-03 05:36:56.732958,367.pcapng,0,2024-12-03 12:36:45.236379+00:00,1970-01-01 00:00:00+00:00,2024-12-03 12:36:45.267605+00:00,5.0,NO IP TO PING
369,2024-12-03 05:37:08.853603,368.pcapng,0,2024-12-03 12:36:56.898236+00:00,1970-01-01 00:00:00+00:00,2024-12-03 12:36:56.898236+00:00,5.0,NO IP TO PING
370,2024-12-03 05:37:21.101316,369.pcapng,0,2024-12-03 12:37:09.029698+00:00,1970-01-01 00:00:00+00:00,2024-12-03 12:37:09.029698+00:00,5.0,NO IP TO PING
371,2024-12-03 05:37:33.421935,370.pcapng,0,2024-12-03 12:37:21.263745+00:00,1970-01-01 00:00:00+00:00,2024-12-03 12:37:21.263745+00:00,5.0,NO IP TO PING
372,2024-12-03 05:37:45.774626,371.pcapng,0,2024-12-03 12:37:34.107121+00:00,1970-01-01 00:00:00+00:00,2024-12-03 12:37:34.140422+00:00,5.0,NO IP TO PING
373,2024-12-03 05:37:57.672901,372.pcapng,0,2024-12-03 12:37:45.949606+00:00,1970-01-01 00:00:00+00:00,2024-12-03 12:37:45.949606+00:00,5.0,NO IP TO PING
374,2024-12-03 05:38:09.982015,373.pcapng,0,2024-12-03 12:37:57.833849+00:00,1970-01-01 00:00:00+00:00,2024-12-03 12:37:57.833849+00:00,5.0,NO IP TO PING
375,2024-12-03 05:38:22.363600,374.pcapng,0,2024-12-03 12:38:10.247643+00:00,1970-01-01 00:00:00+00:00,2024-12-03 12:38:10.268879+00:00,5.0,NO IP TO PING
376,2024-12-03 05:38:34.527281,375.pcapng,0,2024-12-03 12:38:23.830375+00:00,1970-01-01 00:00:00+00:00,2024-12-03 12:38:23.867112+00:00,5.0,NO IP TO PING
377,2024-12-03 05:38:46.862147,376.pcapng,0,2024-12-03 12:38:35.312065+00:00,1970-01-01 00:00:00+00:00,2024-12-03 12:38:35.348560+00:00,5.0,NO IP TO PING
378,2024-12-03 05:38:58.812579,377.pcapng,0,2024-12-03 12:38:47.029407+00:00,1970-01-01 00:00:00+00:00,2024-12-03 12:38:47.029407+00:00,5.0,NO IP TO PING
379,2024-12-03 05:39:10.836120,378.pcapng,0,2024-12-03 12:38:58.974579+00:00,1970-01-01 00:00:00+00:00,2024-12-03 12:38:58.974579+00:00,5.0,NO IP TO PING
380,2024-12-03 05:39:22.946177,379.pcapng,0,2024-12-03 12:39:10.997697+00:00,1970-01-01 00:00:00+00:00,2024-12-03 12:39:10.997697+00:00,5.0,NO IP TO PING
381,2024-12-03 05:39:35.274360,380.pcapng,0,2024-12-03 12:39:23.095983+00:00,1970-01-01 00:00:00+00:00,2024-12-03 12:39:23.095983+00:00,5.0,NO IP TO PING
382,2024-12-03 05:39:47.340414,381.pcapng,0,2024-12-03 12:39:35.438028+00:00,1970-01-01 00:00:00+00:00,2024-12-03 12:39:35.438028+00:00,5.0,NO IP TO PING
383,2024-12-03 05:39:59.413201,382.pcapng,0,2024-12-03 12:39:47.510264+00:00,1970-01-01 00:00:00+00:00,2024-12-03 12:39:47.510264+00:00,5.0,NO IP TO PING
384,2024-12-03 05:40:11.667102,383.pcapng,0,2024-12-03 12:40:01.052424+00:00,1970-01-01 00:00:00+00:00,2024-12-03 12:40:01.084958+00:00,5.0,NO IP TO PING
385,2024-12-03 05:40:23.759323,384.pcapng,0,2024-12-03 12:40:13.208385+00:00,1970-01-01 00:00:00+00:00,2024-12-03 12:40:13.241476+00:00,5.0,NO IP TO PING
386,2024-12-03 05:40:36.550542,385.pcapng,1,2024-12-03 12:40:23.929452+00:00,1970-01-01 00:00:00+00:00,2024-12-03 12:40:23.929452+00:00,-3.3617520332336426,66.22.227.110,65.5
387,2024-12-03 05:40:49.125415,386.pcapng,1,2024-12-03 12:40:37.309980+00:00,1970-01-01 00:00:00+00:00,2024-12-03 12:40:37.309980+00:00,5.0,66.22.227.110,62.705
388,2024-12-03 05:41:01.302054,387.pcapng,0,2024-12-03 12:40:49.294012+00:00,1970-01-01 00:00:00+00:00,2024-12-03 12:40:49.314993+00:00,5.0,NO IP TO PING
389,2024-12-03 05:41:13.521310,388.pcapng,0,2024-12-03 12:41:01.480591+00:00,1970-01-01 00:00:00+00:00,2024-12-03 12:41:01.480591+00:00,5.0,NO IP TO PING
390,2024-12-03 05:41:26.354222,389.pcapng,1,2024-12-03 12:41:15.080849+00:00,1970-01-01 00:00:00+00:00,2024-12-03 12:41:18.411732+00:00,-3.423206090927124,66.22.226.33,68.344
391,2024-12-03 05:41:38.834029,390.pcapng,1,2024-12-03 12:41:26.950000+00:00,1970-01-01 00:00:00+00:00,2024-12-03 12:41:26.950000+00:00,5.0,66.22.226.33,68.548
392,2024-12-03 05:41:50.757264,391.pcapng,0,2024-12-03 12:41:39.008462+00:00,1970-01-01 00:00:00+00:00,2024-12-03 12:41:39.012961+00:00,5.0,NO IP TO PING
393,2024-12-03 05:42:02.890778,392.pcapng,0,2024-12-03 12:41:50.932787+00:00,1970-01-01 00:00:00+00:00,2024-12-03 12:41:50.932787+00:00,5.0,NO IP TO PING
394,2024-12-03 05:42:15.018522,393.pcapng,0,2024-12-03 12:42:03.093544+00:00,1970-01-01 00:00:00+00:00,2024-12-03 12:42:03.110745+00:00,5.0,NO IP TO PING
395,2024-12-03 05:42:27.244506,394.pcapng,0,2024-12-03 12:42:15.184884+00:00,1970-01-01 00:00:00+00:00,2024-12-03 12:42:15.184884+00:00,5.0,NO IP TO PING
396,2024-12-03 05:42:39.238029,395.pcapng,0,2024-12-03 12:42:27.412983+00:00,1970-01-01 00:00:00+00:00,2024-12-03 12:42:27.412983+00:00,5.0,NO IP TO PING
397,2024-12-03 05:42:52.096840,396.pcapng,1,2024-12-03 12:42:41.122831+00:00,1970-01-01 00:00:00+00:00,2024-12-03 12:42:41.170571+00:00,-2.6784989833831787,66.22.226.48,64.011
398,2024-12-03 05:43:05.118947,397.pcapng,2,2024-12-03 12:42:52.275075+00:00,1970-01-01 00:00:00+00:00,2024-12-03 12:42:52.275075+00:00,-3.233800172805786,66.22.227.87,68.534
399,2024-12-03 05:43:17.870909,398.pcapng,1,2024-12-03 12:43:05.499768+00:00,1970-01-01 00:00:00+00:00,2024-12-03 12:43:05.499768+00:00,5.0,66.22.227.87,68.438
400,2024-12-03 05:43:30.567423,399.pcapng,1,2024-12-03 12:43:18.019871+00:00,1970-01-01 00:00:00+00:00,2024-12-03 12:43:18.021876+00:00,0.12270402908325195,66.22.226.62,65.183
